id_monitor,nombre,apellidos,titulacion,especialidad,fecha_contratacion,telefono
1,Dennison,Dikles,Certificado de Profesionalidad de Instrucción en Yoga,Entrenamiento personalizado,2022-09-16,5802575080
2,Rickie,Brokenshire,Certificado de Profesionalidad de Instrucción en Yoga,Entrenamiento personalizado,2023-03-16,3775267113
3,Lanny,Mahomet,Certificado de Profesionalidad de Instrucción en Yoga,Entrenamiento personalizado,2022-06-07,6706314517
4,Worden,Layborn,Certificado de Profesionalidad de Instrucción en Yoga,Entrenamiento personalizado,2022-05-09,9065422587
5,Amelita,Aymerich,Certificado de Profesionalidad de Instrucción en Yoga,Entrenamiento personalizado,2022-06-10,7268095192
6,Andie,Poulston,Certificado de profesionalidad de Acondicionamiento Físico en Grupo con Soporte Musical,Entrenamiento personalizado,2023-02-07,5336754120
7,Lorette,Merricks,Certificado de profesionalidad de Acondicionamiento Físico en Grupo con Soporte Musical,Entrenamiento personalizado,2022-08-05,4557971718
8,Marys,Enrrico,Certificado de profesionalidad de Acondicionamiento Físico en Grupo con Soporte Musical,Entrenamiento personalizado,2022-12-20,1742913774
9,Jacenta,Mitroshinov,Certificado de profesionalidad de Acondicionamiento Físico en Grupo con Soporte Musical,Entrenamiento personalizado,2022-11-16,3661977957
10,Jyoti,Godwin,Certificado de profesionalidad de Acondicionamiento Físico en Grupo con Soporte Musical,Entrenamiento personalizado,2022-05-23,9748771643
11,Pauline,Stonbridge,Certificado de profesionalidad Acondicionamiento Físico en Sala de Entrenamiento Polivalente,Entrenamiento personalizado,2022-06-05,3217268172
12,Nev,Raw,Certificado de profesionalidad Acondicionamiento Físico en Sala de Entrenamiento Polivalente,Entrenamiento personalizado,2023-03-25,3887868915
13,Dolley,McCafferky,Certificado de profesionalidad Acondicionamiento Físico en Sala de Entrenamiento Polivalente,Entrenamiento personalizado,2022-10-17,4782584285
14,Brandon,Dicke,Certificado de profesionalidad Acondicionamiento Físico en Sala de Entrenamiento Polivalente,Entrenamiento personalizado,2022-12-26,7668686139
15,Tadd,Fincher,Certificado de profesionalidad Acondicionamiento Físico en Sala de Entrenamiento Polivalente,Entrenamiento personalizado,2023-03-02,2813625171
16,Horst,Prandoni,Grado en Ciencias de la Actividad Física y del Deporte,Musculación,2022-11-03,5998450391
17,Karmen,Presdie,Grado en Ciencias de la Actividad Física y del Deporte,Musculación,2022-04-26,4218263801
18,Clo,Jeckells,Grado en Ciencias de la Actividad Física y del Deporte,Musculación,2022-07-02,8382859878
19,Andeee,Shoubridge,Grado en Ciencias de la Actividad Física y del Deporte,Musculación,2022-12-17,5219226909
20,Tiphany,Parcells,Grado en Ciencias de la Actividad Física y del Deporte,Musculación,2022-08-22,7522755046
21,Dominica,McWilliam,Grado en Ciencias de la Actividad Física y del Deporte,Musculación,2023-02-27,4415394442
22,Delia,Huscroft,Grado en Ciencias de la Actividad Física y del Deporte,Musculación,2023-01-02,5195722592
23,Elladine,Littrick,Grado en Ciencias de la Actividad Física y del Deporte,Musculación,2022-07-18,6679647613
24,Orella,Dawbery,Grado en Ciencias de la Actividad Física y del Deporte,Musculación,2023-03-28,4379764073
25,Maribelle,Mees,Grado en Ciencias de la Actividad Física y del Deporte,Musculación,2023-01-26,6588848605
26,Gaspard,Mougeot,Grado en Ciencias de la Actividad Física y del Deporte,Musculación,2022-12-18,4469541859
27,Elyse,Malley,Grado en Ciencias de la Actividad Física y del Deporte,Musculación,2022-08-08,4256071592
28,Agnella,Keesman,Grado en Ciencias de la Actividad Física y del Deporte,Musculación,2022-10-10,1119503855
29,Rae,Crown,Grado en Ciencias de la Actividad Física y del Deporte,Musculación,2022-08-24,7649252647
30,Candida,Duthy,Grado en Ciencias de la Actividad Física y del Deporte,Cardio,2022-10-31,6947542787
31,Gwennie,Minchindon,Grado en Ciencias de la Actividad Física y del Deporte,Cardio,2023-02-02,4203459975
32,Tisha,McManamon,Grado en Ciencias de la Actividad Física y del Deporte,Cardio,2022-09-30,3309255812
33,Cullin,Noblet,Grado en Ciencias de la Actividad Física y del Deporte,Cardio,2022-08-27,8073046170
34,Stepha,Hellyer,Grado en Ciencias de la Actividad Física y del Deporte,Cardio,2022-11-08,5146489676
35,Delmore,Barrus,Grado en Ciencias de la Actividad Física y del Deporte,Cardio,2023-02-06,3509543507
36,Holmes,Roote,Técnico o Técnica Superior en Animación de Actividades Físicas y Deportivas,Cardio,2022-10-28,7364455792
37,Janot,Bachs,Técnico o Técnica Superior en Animación de Actividades Físicas y Deportivas,Cardio,2022-06-29,1032975647
38,Olivie,Entwhistle,Técnico o Técnica Superior en Animación de Actividades Físicas y Deportivas,Cardio,2022-04-29,1726092724
39,Krisha,Depport,Técnico o Técnica Superior en Animación de Actividades Físicas y Deportivas,Cardio,2022-12-21,2113615458
40,Grissel,Atchly,Técnico o Técnica Superior en Animación de Actividades Físicas y Deportivas,Cardio,2023-03-31,7596519013
41,Jerrilyn,Cawte,Técnico o Técnica Superior en Animación de Actividades Físicas y Deportivas,Cardio,2022-10-16,2393650125
42,Tobey,Wincom,Técnico o Técnica Superior en Animación de Actividades Físicas y Deportivas,Cardio,2022-12-25,1165995720
43,Benny,Cawdell,Técnico o Técnica Superior en Animación de Actividades Físicas y Deportivas,Cardio,2023-03-16,1471487065
44,Cristie,Turbat,Técnico o Técnica Superior en Animación de Actividades Físicas y Deportivas,Cardio,2023-02-18,9492772780
45,Arturo,Swyne,Técnico o Técnica Superior en Animación de Actividades Físicas y Deportivas,Dieta,2022-11-22,4409943443
46,Noelyn,Rosie,Técnico o Técnica Superior en Animación de Actividades Físicas y Deportivas,Dieta,2022-07-08,1624423279
47,Luca,Brimilcombe,Técnico o Técnica Superior en Animación de Actividades Físicas y Deportivas,Dieta,2022-07-24,3298438332
48,Caesar,Olivet,Técnico o Técnica Superior en Animación de Actividades Físicas y Deportivas,Dieta,2022-08-09,9645691108
49,Lanny,Seson,Técnico o Técnica Superior en Animación de Actividades Físicas y Deportivas,Dieta,2022-05-03,3044260302
50,Eunice,Rudgard,Técnico o Técnica Superior en Animación de Actividades Físicas y Deportivas,Dieta,2022-11-07,3277375658