id_producto,nombre_producto,descripcion,precio,stock,fecha_vencimiento,tipo_producto
1,Proteina Whey,Proteina Whey,22,Si,2022-03-08,Proteina
2,Proteina Whey isolada,Proteina Whey isolada,30,Si,2021-11-16,Proteina
3,Barrita proteinas sabor masa de galletas,Barrita proteinas sabor masa de galletas,1.20,Si,2022-06-23,Proteina
4,Barrita proteinas sabor chocolate,Barrita proteinas sabor chocolate,1.20,Si,2022-01-31,Proteina
5,Barrita proteinas sabor galletas y crema,Barrita proteinas sabor galletas y crema,1.20,Si,2023-01-05,Proteina
6,Bebida energetica,Bebida energetica,1.2,Si,2022-09-25,Proteina
7,Creatina,Creatina,30,Si,2022-10-03,Energetico
8,Preworkout,Preworkout,12,Si,2023-02-05,Energetico
9,Monster Zero,Monster Zero,1.50,Si,2022-07-31,Energetico
10,Aminoacidos,Aminoacidos,8,Si,2022-01-19,Suplementos