id_usuario,nombre,apellidos,telefono,email,genero,fecha_inscripcion,peso,altura,objetivo
1,Andria,Gillmore,6152167241,agillmore0@boston.com,F,2022-03-31,102.14,141.57,perdida de peso
2,Aeriel,Cahani,4994284467,acahani1@apple.com,F,2022-02-15,169.25,201.23,perdida de peso
3,Cammie,Vowdon,6552914063,cvowdon2@bandcamp.com,F,2021-08-01,164.47,191.78,perdida de peso
4,Janis,De Witt,1543440043,jdewitt3@icq.com,F,2021-08-10,118.24,146.21,perdida de peso
5,Otha,O'Connell,2196280271,ooconnell4@mapy.cz,F,2021-11-10,80.42,170.57,perdida de peso
6,Benjie,Aron,4917194225,baron5@dedecms.com,M,2022-10-12,125.15,168.67,perdida de peso
7,Libbie,Giraudeau,2143210207,lgiraudeau6@zdnet.com,F,2022-05-25,241.54,183.17,perdida de peso
8,Bram,Kaas,8337607977,bkaas7@privacy.gov.au,M,2022-06-02,235.31,196.3,perdida de peso
9,Di,Fellon,1611443312,dfellon8@csmonitor.com,F,2021-08-08,40.5,204.65,perdida de peso
10,Enrica,Pykerman,8226305944,epykerman9@cyberchimps.com,F,2021-06-20,194.68,154.32,perdida de peso
11,Jayson,Betho,3799745266,jbethoa@amazon.co.jp,M,2022-08-12,135.48,165.7,perdida de peso
12,Beverley,Candlish,7249466849,bcandlishb@topsy.com,F,2022-10-23,133.57,185.68,perdida de peso
13,Obadias,Stourton,5515116165,ostourtonc@symantec.com,M,2021-02-13,131.02,186.65,perdida de peso
14,Estrellita,Tuson,3476545055,etusond@umich.edu,F,2021-07-23,188.93,205.87,perdida de peso
15,Amelita,Clarkson,9863986303,aclarksone@lulu.com,F,2023-01-03,141.04,203.05,perdida de peso
16,Robbi,Burnitt,7688030358,rburnittf@exblog.jp,F,2021-11-17,202.89,166.5,perdida de peso
17,Beverly,Kolodziej,6959361487,bkolodziejg@mozilla.com,F,2022-01-19,103.71,166.99,perdida de peso
18,Mercedes,Ferrulli,7456148465,mferrullih@issuu.com,F,2021-07-08,126.12,166.67,perdida de peso
19,Inger,Hlavecek,6886832322,ihlaveceki@360.cn,M,2021-07-24,205.68,169.22,perdida de peso
20,Arnuad,Riggeard,3655165142,ariggeardj@independent.co.uk,M,2022-01-06,62.72,156.98,perdida de peso
21,Redd,Bome,2493675854,rbomek@fema.gov,M,2022-03-15,46.22,208.38,perdida de peso
22,Wilone,Tribbeck,4721098370,wtribbeckl@shop-pro.jp,F,2022-03-12,135.81,174.07,perdida de peso
23,Dagny,Aguirrezabal,6008070751,daguirrezabalm@mozilla.org,M,2021-09-14,150.11,154.21,perdida de peso
24,Birk,Turley,8568818493,bturleyn@netscape.com,M,2022-01-25,143.95,170.9,perdida de peso
25,Jodi,Potter,1433887348,jpottero@simplemachines.org,F,2021-12-20,218.79,182.44,perdida de peso
26,Raymond,Rheaume,4381472949,rrheaumep@addtoany.com,M,2021-11-04,233.33,143.6,perdida de peso
27,Vern,Maltman,5434100599,vmaltmanq@dropbox.com,M,2021-08-25,233.92,174.11,perdida de peso
28,Man,Grainger,2616684900,mgraingerr@simplemachines.org,M,2021-05-21,215.09,186.47,perdida de peso
29,Brew,Hupe,7978018717,bhupes@ucla.edu,M,2023-03-20,174.15,194.79,perdida de peso
30,Claire,Skypp,9073387096,cskyppt@trellian.com,M,2021-06-12,156.37,196.09,perdida de peso
31,Elvina,Pengelly,1779512340,epengellyu@joomla.org,F,2022-01-03,161.98,163.01,perdida de peso
32,Geraldine,Inglish,4992128964,ginglishv@dagondesign.com,F,2021-01-04,107.31,161.43,perdida de peso
33,Walton,Bitten,2342452594,wbittenw@hostgator.com,M,2021-10-22,125.79,182.99,perdida de peso
34,Tripp,Goulthorp,6023258993,tgoulthorpx@webmd.com,M,2023-03-12,94.63,169.93,perdida de peso
35,Bryant,Coombe,8699156078,bcoombey@dmoz.org,M,2021-01-20,224.48,168.46,perdida de peso
36,Demetre,Winkle,6973764441,dwinklez@linkedin.com,M,2021-01-31,162.18,182.96,perdida de peso
37,Lettie,Winnett,9229107975,lwinnett10@unc.edu,F,2021-07-29,59.11,151.45,perdida de peso
38,Niki,Clougher,3671991964,nclougher11@businessweek.com,F,2021-11-23,82.5,157.61,perdida de peso
39,Chaddie,Longfoot,2142393481,clongfoot12@tinypic.com,M,2022-05-03,182.98,178.99,perdida de peso
40,Rheba,Walsh,7623710071,rwalsh13@qq.com,F,2021-01-15,94.78,140.73,perdida de peso
41,Jaclin,Deverock,6914546335,jdeverock14@soundcloud.com,F,2022-12-20,221.35,166.31,perdida de peso
42,Dasya,Romanet,4131666112,dromanet15@wsj.com,F,2021-10-01,189.61,163.91,perdida de peso
43,Vic,Bestwall,7595432559,vbestwall16@alexa.com,M,2022-07-06,224.58,205.46,perdida de peso
44,Gradeigh,McLarnon,5979233242,gmclarnon17@bluehost.com,M,2023-02-28,90.41,158.95,perdida de peso
45,Hally,Wilderspoon,8403236168,hwilderspoon18@people.com.cn,F,2021-12-25,129.54,196.81,perdida de peso
46,Cathlene,Orsi,4245122552,corsi19@ebay.co.uk,F,2022-04-17,45.99,151.7,perdida de peso
47,Elaina,O'Keevan,1785144047,eokeevan1a@fc2.com,F,2023-01-11,187.09,167.67,perdida de peso
48,Melita,Duligall,9696881678,mduligall1b@live.com,F,2022-09-03,147.98,164.29,perdida de peso
49,Kip,Duplain,7054870499,kduplain1c@bluehost.com,M,2022-12-14,105.99,186.43,perdida de peso
50,Hollis,Crichten,3108487113,hcrichten1d@privacy.gov.au,M,2021-01-11,240.18,180.06,perdida de peso
51,Culver,Meth,2299269270,cmeth1e@arizona.edu,M,2023-03-21,210.54,140.29,perdida de peso
52,Maegan,Purry,9119096695,mpurry1f@upenn.edu,F,2022-05-15,213.21,164.72,perdida de peso
53,Laura,Bahike,8791873284,lbahike1g@xing.com,F,2021-05-15,239.37,181.31,perdida de peso
54,Scot,Gulliford,9297601185,sgulliford1h@merriam-webster.com,M,2022-07-03,54.3,160.88,perdida de peso
55,Gardner,McCard,1623707464,gmccard1i@abc.net.au,M,2021-09-16,101.66,143.96,perdida de peso
56,Cullen,Jefferies,8265388804,cjefferies1j@is.gd,M,2022-04-12,239.78,193.35,perdida de peso
57,Angele,Frend,1297029411,afrend1k@columbia.edu,F,2021-03-25,163.69,209.57,perdida de peso
58,Dwayne,Trood,4814956305,dtrood1l@marriott.com,M,2021-01-24,194.26,181.03,perdida de peso
59,Antonino,Pote,1833965455,apote1m@tripadvisor.com,M,2021-08-18,141.64,147.31,perdida de peso
60,Mirabella,Dulton,1396125075,mdulton1n@utexas.edu,F,2021-10-23,149.71,171.3,perdida de peso
61,Tommy,Blaxeland,9427677122,tblaxeland1o@unicef.org,M,2022-11-10,193.29,172.0,perdida de peso
62,Brennen,Goodisson,9072225950,bgoodisson1p@mtv.com,M,2022-01-04,151.18,202.9,perdida de peso
63,Kirsten,Stutard,4789868907,kstutard1q@pen.io,F,2022-05-25,94.59,168.62,perdida de peso
64,Mallorie,McCalister,9223910337,mmccalister1r@phpbb.com,F,2021-02-25,130.88,208.64,perdida de peso
65,Velma,Lacroutz,4756004830,vlacroutz1s@123-reg.co.uk,F,2021-03-23,58.1,181.4,perdida de peso
66,Agnesse,Morritt,9612545213,amorritt1t@tmall.com,F,2022-06-20,73.74,168.16,perdida de peso
67,Kasper,Siddele,5904126698,ksiddele1u@wordpress.com,M,2022-05-01,142.86,145.21,perdida de peso
68,Glenn,Jouhandeau,1293530192,gjouhandeau1v@bbc.co.uk,M,2023-01-28,40.2,174.07,perdida de peso
69,Fletch,Grene,5606924029,fgrene1w@who.int,M,2022-04-28,48.75,154.99,perdida de peso
70,Celka,Gottelier,1408390349,cgottelier1x@dot.gov,F,2021-08-02,81.4,174.38,perdida de peso
71,Bartel,Michele,5741088296,bmichele1y@unesco.org,M,2021-04-27,103.29,180.37,perdida de peso
72,Isiahi,Tate,3705765468,itate1z@chronoengine.com,M,2022-04-11,241.65,171.23,perdida de peso
73,Dyan,Bullas,1308902148,dbullas20@princeton.edu,F,2021-11-04,201.48,182.56,perdida de peso
74,Bordy,Oattes,6005215286,boattes21@icio.us,M,2022-04-05,163.35,151.92,perdida de peso
75,Oswell,Fearey,9041044851,ofearey22@spiegel.de,M,2022-05-11,139.41,187.89,perdida de peso
76,Hurleigh,Fawley,3858474879,hfawley23@phoca.cz,M,2022-07-31,56.08,172.93,perdida de peso
77,Sydney,Kitcatt,7275168664,skitcatt24@eventbrite.com,M,2021-11-24,176.68,152.45,perdida de peso
78,Jania,Maffia,7149388611,jmaffia25@apache.org,F,2023-02-21,111.37,192.03,perdida de peso
79,Tandy,Bickell,6131250879,tbickell26@washingtonpost.com,F,2022-07-06,241.02,201.89,perdida de peso
80,Stearne,Clerc,2591255208,sclerc27@dailymail.co.uk,M,2021-12-17,114.98,203.65,perdida de peso
81,Berny,McCrea,4445177029,bmccrea28@sun.com,F,2022-06-05,152.84,172.0,perdida de peso
82,Pail,Kingaby,7478006627,pkingaby29@senate.gov,M,2021-07-21,210.33,188.19,perdida de peso
83,Stinky,McGeffen,3578430063,smcgeffen2a@bbc.co.uk,M,2022-10-27,186.87,143.0,perdida de peso
84,Graig,Wilbud,7869876742,gwilbud2b@spotify.com,M,2022-08-30,152.09,140.52,perdida de peso
85,Ainslee,Wildash,8706040851,awildash2c@instagram.com,F,2023-03-02,64.17,165.85,perdida de peso
86,Rob,Cawson,7857095596,rcawson2d@live.com,M,2023-02-07,108.97,201.35,perdida de peso
87,Clerkclaude,Fearne,6197808165,cfearne2e@ow.ly,M,2022-07-01,234.41,150.21,perdida de peso
88,Niall,Maleney,4843829025,nmaleney2f@photobucket.com,M,2022-05-27,175.9,174.89,perdida de peso
89,Fredra,Trevascus,8756773012,ftrevascus2g@ask.com,F,2023-01-01,86.45,182.32,perdida de peso
90,Rachel,Ottam,2172261725,rottam2h@163.com,F,2022-07-29,146.09,199.51,perdida de peso
91,Jacky,Prattin,5923108228,jprattin2i@soup.io,M,2021-06-02,56.94,152.16,perdida de peso
92,Perceval,Cush,2533511776,pcush2j@bluehost.com,M,2021-02-17,113.36,140.47,perdida de peso
93,Valida,Maggiore,9132473784,vmaggiore2k@columbia.edu,F,2021-03-05,162.71,182.5,perdida de peso
94,Rhodie,Wolpert,4694866341,rwolpert2l@weebly.com,F,2021-10-22,59.33,160.96,perdida de peso
95,Berk,Waring,1909112976,bwaring2m@artisteer.com,M,2021-06-26,161.96,181.85,perdida de peso
96,Tobe,Joderli,1051958493,tjoderli2n@wordpress.org,M,2022-10-19,188.45,193.2,perdida de peso
97,Camella,Jordi,1328182122,cjordi2o@upenn.edu,F,2022-10-06,90.84,170.41,perdida de peso
98,Erik,Flatte,8168691863,eflatte2p@nifty.com,M,2021-04-01,137.48,205.56,perdida de peso
99,Addie,Leggon,9653375249,aleggon2q@topsy.com,M,2021-09-04,163.3,185.33,perdida de peso
100,Mariya,Taunton,1182243168,mtaunton2r@ustream.tv,F,2021-05-20,58.22,199.63,perdida de peso
101,Muhammad,Brauner,2481743159,mbrauner2s@ustream.tv,M,2022-10-07,58.1,206.85,perdida de peso
102,Thane,Le Barre,9077153329,tlebarre2t@desdev.cn,M,2023-01-18,56.93,191.68,perdida de peso
103,Luis,Colles,9417505775,lcolles2u@dagondesign.com,M,2022-12-06,190.11,147.31,perdida de peso
104,Duncan,Bennell,1417104216,dbennell2v@typepad.com,M,2022-12-25,146.58,180.12,perdida de peso
105,Chicky,Geeson,9912316983,cgeeson2w@dailymotion.com,F,2021-08-19,215.21,158.68,perdida de peso
106,Rozanne,Bottell,3179939498,rbottell2x@census.gov,F,2023-02-02,229.03,172.47,perdida de peso
107,Keenan,Mordecai,3986493317,kmordecai2y@twitpic.com,M,2021-08-05,211.97,174.14,perdida de peso
108,Mayor,Sullly,8477357315,msullly2z@cpanel.net,M,2021-04-30,43.52,181.87,perdida de peso
109,Donny,Shevlan,1769589162,dshevlan30@naver.com,M,2021-08-20,55.2,202.8,perdida de peso
110,Arturo,Jelk,7865688109,ajelk31@barnesandnoble.com,M,2021-07-19,140.72,140.71,perdida de peso
111,Tanya,Benito,7493957448,tbenito32@printfriendly.com,F,2023-01-15,138.79,146.75,perdida de peso
112,Davina,Twizell,8628317790,dtwizell33@oracle.com,F,2022-08-08,196.29,206.36,perdida de peso
113,Dollie,Canedo,5648684233,dcanedo34@va.gov,F,2022-01-19,171.82,205.1,perdida de peso
114,Noby,Rebanks,2213717136,nrebanks35@java.com,M,2022-05-10,240.25,179.09,perdida de peso
115,Franklin,Glennard,5758607791,fglennard36@unc.edu,M,2022-09-08,179.26,161.34,perdida de peso
116,Cami,Dani,2847455258,cdani37@twitpic.com,F,2022-04-27,241.4,162.7,perdida de peso
117,Kayley,Povlsen,3828577043,kpovlsen38@hud.gov,F,2022-09-11,74.62,142.1,perdida de peso
118,Gertruda,Proske,4116402273,gproske39@amazon.de,F,2022-09-27,201.53,188.37,perdida de peso
119,Petronia,Bakster,5647639432,pbakster3a@nbcnews.com,F,2021-10-05,198.77,140.8,perdida de peso
120,Rea,Falvey,3252033627,rfalvey3b@tinyurl.com,F,2022-12-17,167.35,200.59,perdida de peso
121,Rufe,Woodhams,1187914314,rwoodhams3c@japanpost.jp,M,2022-05-18,239.12,164.89,perdida de peso
122,Halimeda,Daville,8888910989,hdaville3d@walmart.com,F,2023-02-22,217.24,153.5,perdida de peso
123,Bondy,Lowry,2072162059,blowry3e@oaic.gov.au,M,2021-07-16,137.92,155.44,perdida de peso
124,Kelsey,Hallstone,1816987898,khallstone3f@newyorker.com,M,2021-07-08,107.96,149.91,perdida de peso
125,Chen,Sullly,5617527069,csullly3g@whitehouse.gov,M,2022-12-05,133.81,184.02,perdida de peso
126,Larine,Lamping,7766527820,llamping3h@yelp.com,F,2021-10-21,183.31,163.55,perdida de peso
127,Lenci,Skala,9157363606,lskala3i@thetimes.co.uk,M,2021-07-28,165.29,192.5,perdida de peso
128,Forrest,Wiggins,3524681945,fwiggins3j@google.pl,M,2022-03-22,130.88,185.3,perdida de peso
129,Joey,Grahame,9589670631,jgrahame3k@opensource.org,F,2021-05-27,94.89,206.96,perdida de peso
130,Kaine,Fearon,6623310060,kfearon3l@phpbb.com,M,2021-02-10,164.18,145.29,perdida de peso
131,Reuven,Crockford,8507470480,rcrockford3m@gravatar.com,M,2022-01-27,161.57,158.18,perdida de peso
132,Manolo,Tellenbrok,3794888393,mtellenbrok3n@g.co,M,2021-09-14,198.62,160.12,perdida de peso
133,Kassey,Baty,5923433796,kbaty3o@hugedomains.com,F,2021-02-14,94.42,201.24,perdida de peso
134,Griswold,Culshew,8247134777,gculshew3p@storify.com,M,2023-02-06,87.26,160.68,perdida de peso
135,Debbi,Ramshaw,1148978576,dramshaw3q@wordpress.com,F,2021-11-01,244.22,198.33,perdida de peso
136,Broddie,Piscopo,4277644757,bpiscopo3r@google.com.br,M,2022-10-06,87.1,165.15,perdida de peso
137,Arden,Turley,5408577544,aturley3s@berkeley.edu,F,2022-08-09,228.84,187.37,perdida de peso
138,Jacquenetta,Sneesbie,4344857723,jsneesbie3t@unicef.org,F,2022-11-22,149.72,175.77,perdida de peso
139,Kelley,Saipy,2767873087,ksaipy3u@linkedin.com,F,2022-01-29,115.04,156.0,perdida de peso
140,Alair,Petrenko,2191999538,apetrenko3v@theguardian.com,M,2022-03-27,129.0,193.42,perdida de peso
141,Kippie,Kelloch,2235336036,kkelloch3w@sina.com.cn,F,2023-02-03,165.08,169.21,perdida de peso
142,Maia,Chadbourne,4419774784,mchadbourne3x@webnode.com,F,2021-04-26,113.94,161.94,perdida de peso
143,Korry,Tatchell,9633994553,ktatchell3y@blogs.com,F,2021-09-18,66.18,183.85,perdida de peso
144,Isobel,Dreigher,9683189337,idreigher3z@scribd.com,F,2022-12-05,111.61,184.06,perdida de peso
145,Enoch,Tunbridge,4991515927,etunbridge40@hexun.com,M,2022-12-22,120.24,201.12,perdida de peso
146,Blanca,Beebis,6155921987,bbeebis41@squidoo.com,F,2021-05-15,139.4,198.6,perdida de peso
147,Claus,Sherebrook,8467629896,csherebrook42@smh.com.au,M,2022-03-18,51.01,175.24,perdida de peso
148,Yoshiko,Orton,5247559160,yorton43@nymag.com,F,2022-07-18,110.94,152.7,perdida de peso
149,Jilly,Debill,4739037067,jdebill44@prnewswire.com,F,2022-06-30,150.73,166.0,perdida de peso
150,Berty,Willshere,2207421138,bwillshere45@liveinternet.ru,M,2021-02-22,85.79,178.78,perdida de peso
151,Emalee,Fitzsymonds,5242314926,efitzsymonds46@biglobe.ne.jp,F,2022-12-20,116.73,180.1,perdida de peso
152,Kenon,Vasechkin,6296296638,kvasechkin47@cbc.ca,M,2022-10-27,137.65,167.22,perdida de peso
153,Warden,Sackur,9887307945,wsackur48@answers.com,M,2021-03-23,152.47,191.07,perdida de peso
154,Gaston,Behne,8729556804,gbehne49@studiopress.com,M,2021-01-12,240.46,183.38,perdida de peso
155,Lilian,Tassel,9579961895,ltassel4a@dion.ne.jp,F,2022-07-09,88.42,204.68,perdida de peso
156,Suzie,Hartman,7748750437,shartman4b@etsy.com,F,2021-06-02,155.72,187.43,perdida de peso
157,Janot,Podbury,4412799102,jpodbury4c@msn.com,F,2022-09-20,88.73,185.49,perdida de peso
158,Coop,Starmont,4052551320,cstarmont4d@washingtonpost.com,M,2022-07-13,156.6,187.53,perdida de peso
159,Jorrie,McDuffy,4075106230,jmcduffy4e@businesswire.com,F,2021-04-09,100.03,152.89,perdida de peso
160,Evangeline,Tomaini,8644636380,etomaini4f@google.co.jp,F,2022-08-22,93.16,187.96,perdida de peso
161,Katrine,Ibeson,2093640356,kibeson4g@wired.com,F,2021-11-16,247.73,177.62,perdida de peso
162,Etti,Abrami,2565492430,eabrami4h@uol.com.br,F,2021-06-25,174.89,191.72,perdida de peso
163,Bernard,McClaren,4603409861,bmcclaren4i@tripod.com,M,2021-04-09,202.89,172.25,perdida de peso
164,Leo,Paudin,2202485170,lpaudin4j@1und1.de,M,2021-03-23,214.42,198.62,perdida de peso
165,Flemming,Syversen,7798444987,fsyversen4k@adobe.com,M,2021-01-15,238.46,150.17,perdida de peso
166,Hussein,Letertre,7898506986,hletertre4l@php.net,M,2021-10-27,122.23,161.08,perdida de peso
167,Erna,Kalinsky,5126602809,ekalinsky4m@clickbank.net,F,2021-08-17,78.11,173.5,perdida de peso
168,Angeline,Shevlin,2985938509,ashevlin4n@meetup.com,F,2023-01-24,183.87,141.22,perdida de peso
169,Temple,Graal,4771684631,tgraal4o@google.co.jp,M,2022-10-09,96.21,168.82,perdida de peso
170,Cathryn,Edscer,5591075084,cedscer4p@zdnet.com,F,2021-04-02,191.64,162.63,perdida de peso
171,Alastair,Hayth,7891662811,ahayth4q@sina.com.cn,M,2022-11-11,133.62,186.9,perdida de peso
172,Obadias,Bunstone,5979621684,obunstone4r@taobao.com,M,2021-12-14,112.19,204.13,perdida de peso
173,Amelita,Clowley,6177321279,aclowley4s@bloglovin.com,F,2022-10-27,198.97,144.4,perdida de peso
174,Melosa,Cairney,8991775957,mcairney4t@prnewswire.com,F,2022-06-28,237.85,184.76,perdida de peso
175,Gerard,Abbott,9872499726,gabbott4u@google.fr,M,2021-04-03,54.45,189.42,perdida de peso
176,Taddeusz,Lansdowne,1852971341,tlansdowne4v@netvibes.com,M,2022-12-26,249.14,145.79,perdida de peso
177,Arvie,Ary,5097570591,aary4w@icq.com,M,2022-06-03,90.75,153.89,perdida de peso
178,Morganne,Klimov,4024025591,mklimov4x@umich.edu,F,2021-06-13,56.76,200.92,perdida de peso
179,Fredric,Russell,8167256101,frussell4y@ameblo.jp,M,2021-03-15,147.98,209.93,perdida de peso
180,Tadeas,Anstis,6373582061,tanstis4z@reverbnation.com,M,2021-06-18,230.43,191.68,perdida de peso
181,Aldwin,Vasishchev,6945934440,avasishchev50@so-net.ne.jp,M,2022-07-27,129.92,197.58,perdida de peso
182,Channa,Raisbeck,5072743538,craisbeck51@moonfruit.com,F,2021-03-13,160.15,177.18,perdida de peso
183,Fanchon,Portriss,8106753280,fportriss52@flavors.me,F,2022-03-19,193.36,163.67,perdida de peso
184,Brandea,McCusker,8758892885,bmccusker53@miibeian.gov.cn,F,2022-06-01,162.21,161.84,perdida de peso
185,Tracy,Lewing,5868144475,tlewing54@smugmug.com,M,2022-09-14,190.22,141.76,perdida de peso
186,Doti,Hendrikse,4213743619,dhendrikse55@buzzfeed.com,F,2022-02-01,77.74,205.56,perdida de peso
187,Bradan,Garard,9276997755,bgarard56@europa.eu,M,2021-01-15,244.51,196.33,perdida de peso
188,Marjorie,Mathy,4849355265,mmathy57@hud.gov,F,2021-08-12,55.31,148.74,perdida de peso
189,Calida,Corking,8903193876,ccorking58@senate.gov,F,2021-05-12,200.11,161.94,perdida de peso
190,Veronica,Ferroni,7978302632,vferroni59@tiny.cc,F,2022-07-13,147.44,160.17,perdida de peso
191,Curtice,Fley,8564743455,cfley5a@indiatimes.com,M,2021-12-17,148.05,179.88,perdida de peso
192,Goran,Burge,9977155453,gburge5b@ucsd.edu,M,2021-04-28,78.5,150.32,perdida de peso
193,Jemie,Marien,7556979344,jmarien5c@youtu.be,F,2021-08-22,202.1,186.54,perdida de peso
194,Brodie,Brothwood,2969611628,bbrothwood5d@stanford.edu,M,2022-09-14,102.15,157.27,perdida de peso
195,Biron,Elcoate,1506776593,belcoate5e@mail.ru,M,2021-08-27,157.51,140.13,perdida de peso
196,Anselma,Cowland,5132787650,acowland5f@gnu.org,F,2022-04-14,92.37,197.58,perdida de peso
197,Drusie,Baynam,5938417614,dbaynam5g@naver.com,F,2022-10-27,200.45,205.57,perdida de peso
198,Correy,Gluyas,6799233224,cgluyas5h@topsy.com,F,2022-05-17,72.99,185.55,perdida de peso
199,Shirley,Smaling,5579165581,ssmaling5i@hatena.ne.jp,F,2021-10-21,182.79,184.73,perdida de peso
200,Jade,Schiementz,4991782979,jschiementz5j@wikipedia.org,F,2022-01-22,170.91,151.46,perdida de peso
201,Desmund,Ricard,7637402994,dricard5k@illinois.edu,M,2022-07-14,82.51,188.35,perdida de peso
202,Correy,Mirrlees,6665229693,cmirrlees5l@geocities.com,M,2021-09-29,106.56,173.46,perdida de peso
203,Melisande,Ryhorovich,6483166188,mryhorovich5m@linkedin.com,F,2022-12-11,209.97,197.47,perdida de peso
204,Zackariah,Hartzenberg,2317862753,zhartzenberg5n@sun.com,M,2022-12-06,181.67,205.98,perdida de peso
205,Marietta,Pithcock,7678628572,mpithcock5o@fastcompany.com,F,2021-04-13,225.39,206.73,perdida de peso
206,Trisha,Mallard,6811971467,tmallard5p@narod.ru,F,2022-06-14,115.5,174.96,perdida de peso
207,Christan,Mart,4335844378,cmart5q@apache.org,F,2021-05-10,214.83,199.07,perdida de peso
208,Kilian,Maingot,5906128227,kmaingot5r@drupal.org,M,2021-01-16,168.64,172.71,perdida de peso
209,Anne-marie,Lea,2733632881,alea5s@nytimes.com,F,2021-03-25,107.7,198.62,perdida de peso
210,Lion,Brinsden,9978970801,lbrinsden5t@spiegel.de,M,2022-02-03,234.73,144.84,perdida de peso
211,Walliw,Brewitt,5984612003,wbrewitt5u@ed.gov,F,2022-01-08,72.54,172.36,perdida de peso
212,Max,Sloane,2545932789,msloane5v@unc.edu,M,2022-10-25,41.73,178.97,perdida de peso
213,Phylys,Legrave,5148072132,plegrave5w@huffingtonpost.com,F,2022-11-21,155.08,204.42,perdida de peso
214,Timmie,Barneville,3464686700,tbarneville5x@yellowbook.com,M,2021-03-04,134.29,157.01,perdida de peso
215,Kareem,Gainsbury,5393213653,kgainsbury5y@mysql.com,M,2023-01-19,249.06,172.49,perdida de peso
216,Kym,Dewes,2957930625,kdewes5z@studiopress.com,F,2021-07-20,61.87,178.98,perdida de peso
217,Dru,Rumens,9526212776,drumens60@amazon.co.jp,M,2022-09-07,140.15,169.43,perdida de peso
218,Susanetta,Reskelly,4441379939,sreskelly61@google.cn,F,2023-01-28,232.51,184.35,perdida de peso
219,Koenraad,Grayshan,8616260307,kgrayshan62@forbes.com,M,2021-04-03,145.0,194.58,perdida de peso
220,Rodrick,Bagg,3312561767,rbagg63@1und1.de,M,2021-03-04,88.67,154.84,perdida de peso
221,Velvet,Tille,9896818788,vtille64@ebay.co.uk,F,2023-02-17,47.48,170.92,perdida de peso
222,Nealy,Gallop,7368365426,ngallop65@google.com.au,M,2022-12-27,192.08,182.45,perdida de peso
223,Ellsworth,Tantum,5062985904,etantum66@vinaora.com,M,2021-01-29,209.92,165.2,perdida de peso
224,Cornell,Mangeney,8382724984,cmangeney67@loc.gov,M,2021-01-04,47.38,143.27,perdida de peso
225,Maddalena,Sunock,7925665653,msunock68@latimes.com,F,2023-01-07,171.14,159.42,perdida de peso
226,Jerrome,Antonat,2122981567,jantonat69@state.gov,M,2021-11-02,54.58,143.26,perdida de peso
227,Byrann,Putterill,5568791074,bputterill6a@vkontakte.ru,M,2022-06-04,76.85,196.62,perdida de peso
228,Cora,Gowler,7249687721,cgowler6b@china.com.cn,F,2021-06-22,183.01,144.17,perdida de peso
229,Lesli,Wimmers,2227880732,lwimmers6c@1und1.de,F,2023-01-31,183.32,159.81,perdida de peso
230,Meggie,Lowth,2697026547,mlowth6d@unblog.fr,F,2023-03-15,160.78,189.36,perdida de peso
231,Berrie,Thonger,6527359225,bthonger6e@yelp.com,F,2021-10-28,111.3,180.74,perdida de peso
232,Effie,Cohen,5247519182,ecohen6f@lulu.com,F,2021-01-16,154.59,161.37,perdida de peso
233,Gustavus,Nelane,1521082113,gnelane6g@ezinearticles.com,M,2021-03-05,144.73,174.9,perdida de peso
234,Dedra,Cluff,8167066992,dcluff6h@amazon.com,F,2022-09-19,208.32,147.72,perdida de peso
235,Maddi,Mechic,7251910470,mmechic6i@pcworld.com,F,2022-06-17,110.72,199.91,perdida de peso
236,Michaelina,Pettengell,7303254412,mpettengell6j@accuweather.com,F,2022-02-08,194.24,179.23,perdida de peso
237,Marlo,Derks,8526518383,mderks6k@t.co,M,2021-04-28,203.24,174.44,perdida de peso
238,Stormy,Orr,9212503293,sorr6l@harvard.edu,F,2021-06-09,227.81,203.23,perdida de peso
239,Rayshell,Cuckoo,6667493136,rcuckoo6m@wikia.com,F,2021-04-12,246.32,144.75,perdida de peso
240,Ingamar,Monkton,9157596598,imonkton6n@eventbrite.com,M,2021-02-19,74.31,185.25,perdida de peso
241,Haley,Cardenas,9181516281,hcardenas6o@ovh.net,F,2022-12-15,64.39,200.62,perdida de peso
242,Carlynn,Priden,3807788633,cpriden6p@csmonitor.com,F,2023-03-11,219.48,182.11,perdida de peso
243,Cicely,Scripps,6046157821,cscripps6q@tamu.edu,F,2022-01-26,122.04,191.28,perdida de peso
244,Amalia,Bruckner,1374644073,abruckner6r@github.com,F,2021-02-19,148.78,140.84,perdida de peso
245,Star,Skilton,7917565152,sskilton6s@hubpages.com,F,2021-09-12,69.13,197.85,perdida de peso
246,Claus,Lightwood,5137227647,clightwood6t@ucoz.ru,M,2022-02-21,159.12,187.83,perdida de peso
247,Malory,Triggs,1492982526,mtriggs6u@nps.gov,F,2021-11-22,140.97,187.75,perdida de peso
248,Gabriella,Ramage,8315175110,gramage6v@wikispaces.com,F,2023-01-12,53.62,189.02,perdida de peso
249,Karie,Shoute,3823429631,kshoute6w@sun.com,F,2022-09-15,200.06,196.99,perdida de peso
250,Mayer,Climie,3861940483,mclimie6x@weibo.com,M,2021-05-18,139.41,140.6,perdida de peso
251,Mohammed,Crole,7708553478,mcrole6y@dell.com,M,2022-03-23,99.91,172.22,perdida de peso
252,Esma,Oxlade,2119441840,eoxlade6z@yandex.ru,F,2021-01-12,68.81,141.56,perdida de peso
253,Stephannie,Banke,9708675929,sbanke70@msn.com,F,2022-03-06,129.86,163.54,perdida de peso
254,Kathlin,Morteo,4533449927,kmorteo71@moonfruit.com,F,2022-01-19,109.45,172.07,perdida de peso
255,Traci,Duchesne,1721989326,tduchesne72@odnoklassniki.ru,F,2022-10-09,237.02,201.8,perdida de peso
256,Shana,Heather,2308549243,sheather73@state.gov,F,2022-08-22,217.93,205.55,perdida de peso
257,Audy,Shurrock,8291007569,ashurrock74@xing.com,F,2021-01-18,207.54,146.25,perdida de peso
258,Catlin,Speake,5094665754,cspeake75@usa.gov,F,2023-03-06,65.26,197.06,perdida de peso
259,Elwira,Luard,5214860009,eluard76@4shared.com,F,2021-01-22,172.5,184.06,perdida de peso
260,Napoleon,Giraldo,8167007297,ngiraldo77@uol.com.br,M,2022-06-21,92.28,189.38,perdida de peso
261,Salim,Mc Comb,3637914336,smccomb78@trellian.com,M,2022-08-17,85.33,188.86,perdida de peso
262,Merill,Korb,8257513520,mkorb79@eepurl.com,M,2021-11-25,122.37,153.9,perdida de peso
263,Charlean,Jeaves,4554711186,cjeaves7a@meetup.com,F,2021-11-01,224.33,160.27,perdida de peso
264,Desiree,Spurritt,1914687862,dspurritt7b@sohu.com,F,2021-03-21,226.95,174.37,perdida de peso
265,Celina,Meneer,1767399415,cmeneer7c@sun.com,F,2022-02-06,156.18,159.46,perdida de peso
266,Talia,Farmar,3275867722,tfarmar7d@flickr.com,F,2022-09-26,40.48,149.35,perdida de peso
267,Sheffield,Gerssam,3272490092,sgerssam7e@w3.org,M,2022-05-14,68.88,196.51,perdida de peso
268,Al,Poole,4118594902,apoole7f@jalbum.net,M,2021-01-05,106.96,191.06,perdida de peso
269,Hobart,Satchel,3066778740,hsatchel7g@msu.edu,M,2021-04-04,244.48,149.82,perdida de peso
270,Tymothy,Lamping,1327197841,tlamping7h@cisco.com,M,2022-12-22,198.02,151.64,perdida de peso
271,Katy,Le Friec,3561844536,klefriec7i@tuttocitta.it,F,2022-09-18,217.5,194.82,perdida de peso
272,Sophie,Chaise,2918134347,schaise7j@harvard.edu,F,2022-05-08,171.69,175.61,perdida de peso
273,Henderson,Goodsall,2429007870,hgoodsall7k@yellowpages.com,M,2022-10-26,191.27,177.55,perdida de peso
274,Hamil,Barber,3901898613,hbarber7l@bandcamp.com,M,2021-11-21,43.62,208.7,perdida de peso
275,Paolo,Jermin,2573957766,pjermin7m@theatlantic.com,M,2022-10-04,134.89,157.04,perdida de peso
276,Karry,Josephson,9103828475,kjosephson7n@jimdo.com,F,2021-10-22,101.04,194.57,perdida de peso
277,Mayor,Bysouth,1916577543,mbysouth7o@furl.net,M,2021-02-12,173.1,203.26,perdida de peso
278,Johnathon,Sambals,4328297983,jsambals7p@ca.gov,M,2022-02-17,142.13,176.8,perdida de peso
279,Schuyler,Sumption,9481012908,ssumption7q@businessinsider.com,M,2023-02-19,55.37,163.87,perdida de peso
280,Cass,Aslott,7054834817,caslott7r@umn.edu,M,2021-03-12,210.79,156.26,perdida de peso
281,Glenn,Dolle,3802205755,gdolle7s@slate.com,F,2022-02-09,202.51,189.89,perdida de peso
282,Vittorio,Allberry,3839050817,vallberry7t@bing.com,M,2022-12-31,220.57,180.04,perdida de peso
283,Clayton,Lawless,4016867532,clawless7u@oracle.com,M,2021-03-22,189.79,189.39,perdida de peso
284,Porter,Beddin,4648159857,pbeddin7v@google.de,M,2022-02-14,134.27,186.88,perdida de peso
285,Bevin,Shellsheere,4529055930,bshellsheere7w@dmoz.org,M,2022-04-27,149.97,170.59,perdida de peso
286,Alair,Baugh,8987362181,abaugh7x@uol.com.br,M,2022-05-19,214.85,189.9,perdida de peso
287,Loree,Vogeler,7489745248,lvogeler7y@nyu.edu,F,2021-08-09,193.98,153.93,perdida de peso
288,Winny,Popley,8478110790,wpopley7z@twitter.com,M,2022-05-26,153.42,172.15,perdida de peso
289,Kessia,Belsher,7857727986,kbelsher80@businessweek.com,F,2021-05-19,53.2,140.06,perdida de peso
290,Tann,Spencook,1085595016,tspencook81@jugem.jp,M,2022-12-26,186.02,171.69,perdida de peso
291,Lavina,Calveley,4042828778,lcalveley82@flickr.com,F,2021-01-27,187.46,157.69,perdida de peso
292,Giffy,Greatbach,2039886461,ggreatbach83@hugedomains.com,M,2022-08-29,83.23,167.22,perdida de peso
293,Putnam,Pimmocke,8733540887,ppimmocke84@nps.gov,M,2021-05-09,73.09,172.05,perdida de peso
294,Cyndia,Hunday,1969994783,chunday85@sfgate.com,F,2021-09-12,219.37,188.66,perdida de peso
295,Yulma,Davana,4196711516,ydavana86@redcross.org,M,2023-02-22,199.02,205.04,perdida de peso
296,Gustavo,Pevie,3298787539,gpevie87@addtoany.com,M,2022-04-29,211.63,184.57,perdida de peso
297,Alix,Lorentzen,2902465945,alorentzen88@shinystat.com,F,2022-11-19,71.94,189.02,perdida de peso
298,Cori,Cescon,6104294531,ccescon89@fda.gov,F,2023-01-24,196.01,185.64,perdida de peso
299,Mortie,Riha,8366947340,mriha8a@google.com.br,M,2021-02-06,104.7,166.99,perdida de peso
300,Patti,Dobkin,9368425350,pdobkin8b@walmart.com,F,2021-05-09,148.63,144.43,perdida de peso
301,Boyce,Kmietsch,2647847988,bkmietsch8c@columbia.edu,M,2022-04-23,211.19,205.9,perdida de peso
302,Bill,McGenis,5562512797,bmcgenis8d@google.com.hk,M,2022-03-24,81.68,161.4,perdida de peso
303,Erny,Edmondson,9377795859,eedmondson8e@istockphoto.com,M,2021-05-18,169.14,181.94,perdida de peso
304,Kimberly,Duce,5405953564,kduce8f@webnode.com,F,2022-05-19,85.16,196.9,perdida de peso
305,Heath,Udy,9054076216,hudy8g@taobao.com,F,2022-09-08,135.05,172.43,perdida de peso
306,Kingston,Couper,8151695659,kcouper8h@nasa.gov,M,2022-11-20,224.56,168.69,perdida de peso
307,Delcine,Rhead,4444024956,drhead8i@yahoo.com,F,2021-02-24,66.79,154.26,perdida de peso
308,Leupold,Dorbon,9832762412,ldorbon8j@ftc.gov,M,2022-08-24,129.97,164.7,perdida de peso
309,Peg,Raffan,9734547976,praffan8k@networksolutions.com,F,2021-08-19,198.41,165.98,perdida de peso
310,Pepi,Parnall,5714365596,pparnall8l@ask.com,F,2021-09-19,68.33,175.08,perdida de peso
311,Karlik,Nuzzti,2295653528,knuzzti8m@diigo.com,M,2022-11-10,238.11,140.72,perdida de peso
312,Kennie,Dossit,4174431832,kdossit8n@sitemeter.com,M,2022-01-18,143.52,197.82,perdida de peso
313,Aldo,Guitonneau,2019720366,aguitonneau8o@msn.com,M,2023-02-08,248.72,143.97,perdida de peso
314,Ilene,Lippiatt,3351505727,ilippiatt8p@quantcast.com,F,2022-03-22,226.63,154.22,perdida de peso
315,Karalee,Sully,5673758077,ksully8q@shutterfly.com,F,2021-09-03,191.62,191.08,perdida de peso
316,Josie,Oram,4922424954,joram8r@nyu.edu,F,2021-08-20,184.54,197.91,perdida de peso
317,Ryun,Fermoy,8233903527,rfermoy8s@hexun.com,M,2023-01-17,140.67,145.34,perdida de peso
318,Lura,Rathe,4714048741,lrathe8t@samsung.com,F,2022-12-17,184.34,159.51,perdida de peso
319,Perla,Orton,7181091390,porton8u@npr.org,F,2021-03-02,100.12,144.23,perdida de peso
320,Meridith,Gapper,5023952434,mgapper8v@networkadvertising.org,F,2021-01-09,187.07,192.63,perdida de peso
321,Derek,Courtenay,9935780413,dcourtenay8w@paginegialle.it,M,2022-01-27,133.07,195.89,perdida de peso
322,Ryun,Attack,7211842085,rattack8x@seesaa.net,M,2021-10-11,64.11,140.18,perdida de peso
323,Boothe,Shafier,4364430197,bshafier8y@baidu.com,M,2023-03-03,165.56,186.26,perdida de peso
324,Lenette,Beeken,7126346081,lbeeken8z@arizona.edu,F,2021-01-06,64.39,167.47,perdida de peso
325,Olympia,Plante,6503461976,oplante90@privacy.gov.au,F,2023-03-10,155.33,189.16,perdida de peso
326,Dianemarie,Tully,2234945754,dtully91@github.io,F,2022-11-20,61.94,198.75,perdida de peso
327,Maje,Bastock,6314899394,mbastock92@latimes.com,M,2021-05-15,172.67,187.24,perdida de peso
328,Phil,Adanez,5812419382,padanez93@sun.com,M,2022-11-01,148.37,152.92,perdida de peso
329,Michelina,Blogg,5953230553,mblogg94@networksolutions.com,F,2022-12-28,234.51,153.11,perdida de peso
330,Gustavus,Battaille,6228337028,gbattaille95@hhs.gov,M,2021-12-15,157.78,147.86,perdida de peso
331,Rafaelia,Biskupiak,9756890829,rbiskupiak96@nydailynews.com,F,2021-11-27,64.95,165.49,perdida de peso
332,Lillis,Platts,9237675797,lplatts97@mac.com,F,2022-01-30,70.14,182.99,perdida de peso
333,Carolus,Creffield,3753960336,ccreffield98@newsvine.com,M,2021-02-21,120.19,195.14,perdida de peso
334,Mariele,Woodrough,7033617242,mwoodrough99@unesco.org,F,2021-01-12,225.6,180.4,perdida de peso
335,Becka,Mackilpatrick,1666405365,bmackilpatrick9a@jimdo.com,F,2021-01-17,81.52,175.57,perdida de peso
336,Cathlene,Bellringer,2979535066,cbellringer9b@slashdot.org,F,2022-04-15,99.35,180.19,perdida de peso
337,Hayward,Slimon,2509645320,hslimon9c@tripod.com,M,2022-12-02,192.91,162.11,perdida de peso
338,Cull,Gerleit,6809823569,cgerleit9d@ehow.com,M,2022-01-07,231.08,140.34,perdida de peso
339,Freddie,Dunridge,9627664946,fdunridge9e@hc360.com,F,2022-02-10,155.97,196.14,perdida de peso
340,Pierson,Pindred,2583001433,ppindred9f@nydailynews.com,M,2022-05-05,149.88,183.32,perdida de peso
341,Jarret,Godbolt,1495966241,jgodbolt9g@loc.gov,M,2021-11-26,86.44,208.01,perdida de peso
342,Jilli,Marshallsay,1766312700,jmarshallsay9h@chicagotribune.com,F,2022-08-09,89.21,187.46,perdida de peso
343,Connor,Hemeret,2519876122,chemeret9i@cornell.edu,M,2022-03-11,56.48,147.99,perdida de peso
344,Arch,Stocker,9856142190,astocker9j@nifty.com,M,2021-12-27,128.93,156.99,perdida de peso
345,Halette,Hartas,9533379936,hhartas9k@xinhuanet.com,F,2021-09-26,226.07,204.82,perdida de peso
346,Thomasin,Maddigan,4407478324,tmaddigan9l@adobe.com,F,2021-03-25,246.98,145.08,perdida de peso
347,Engelbert,Dutteridge,8368174892,edutteridge9m@wiley.com,M,2021-02-27,204.25,203.98,perdida de peso
348,Kip,Spawell,9693038440,kspawell9n@com.com,M,2022-12-21,246.25,165.61,perdida de peso
349,Bernette,Benny,3273559575,bbenny9o@home.pl,F,2021-06-13,154.89,193.64,perdida de peso
350,Neils,Taylder,1668595106,ntaylder9p@google.it,M,2021-05-17,46.88,163.35,perdida de peso
351,Trudy,Widdecombe,8668913169,twiddecombe9q@imageshack.us,F,2021-12-11,169.4,177.49,perdida de peso
352,Pat,Barenskie,4476480304,pbarenskie9r@biblegateway.com,F,2022-12-04,227.92,177.38,perdida de peso
353,Mohammed,Bende,2389149601,mbende9s@usnews.com,M,2021-10-14,128.93,202.92,perdida de peso
354,Sullivan,Line,7908540797,sline9t@apache.org,M,2023-01-28,202.41,146.48,perdida de peso
355,Enrico,Darley,2858763736,edarley9u@51.la,M,2021-12-26,228.53,203.1,perdida de peso
356,Cora,Davids,8657135034,cdavids9v@jugem.jp,F,2021-11-12,187.48,149.29,perdida de peso
357,Melanie,Samsin,5041444318,msamsin9w@ustream.tv,F,2023-01-08,45.69,183.86,perdida de peso
358,Estelle,Pickworth,1282982669,epickworth9x@youtu.be,F,2023-01-05,241.5,200.45,perdida de peso
359,Webster,Eccersley,9223738529,weccersley9y@xing.com,M,2021-11-23,143.69,153.07,perdida de peso
360,Rosetta,Groarty,1334777706,rgroarty9z@digg.com,F,2022-10-30,122.8,157.51,perdida de peso
361,Wilie,Dallander,6969374099,wdallandera0@hud.gov,F,2022-06-18,157.1,207.37,perdida de peso
362,Saleem,Gonet,4857514200,sgoneta1@ucla.edu,M,2022-04-11,63.18,152.9,perdida de peso
363,Roderic,Ormes,1151496665,rormesa2@census.gov,M,2022-03-18,56.56,183.79,perdida de peso
364,Bendix,Enever,8329839462,benevera3@yellowpages.com,M,2022-10-22,226.39,199.28,perdida de peso
365,Thorstein,Skeene,3026507671,tskeenea4@umich.edu,M,2022-11-19,139.29,158.81,perdida de peso
366,Branden,Gedney,8382976617,bgedneya5@imgur.com,M,2022-03-16,205.51,199.35,perdida de peso
367,Lucian,Dormer,6496026379,ldormera6@bandcamp.com,M,2021-01-30,125.54,193.47,perdida de peso
368,Sella,Bailie,4288034754,sbailiea7@smugmug.com,F,2021-04-10,182.83,186.01,perdida de peso
369,Zeke,Milton-White,8102418533,zmiltonwhitea8@surveymonkey.com,M,2022-06-14,64.88,157.98,perdida de peso
370,Charmine,Bracknell,2538780603,cbracknella9@apache.org,F,2021-10-13,101.96,180.49,perdida de peso
371,Cherri,Bernette,1406621659,cbernetteaa@ning.com,F,2021-02-24,198.26,197.86,perdida de peso
372,Sumner,Thayre,5193293615,sthayreab@diigo.com,M,2021-10-27,166.08,145.82,perdida de peso
373,Dareen,Jeayes,1328835023,djeayesac@howstuffworks.com,F,2021-03-05,140.71,201.93,perdida de peso
374,Orel,Cowdray,8746963913,ocowdrayad@bloglovin.com,F,2022-01-07,239.98,185.47,perdida de peso
375,Saul,Daldan,4131029581,sdaldanae@sciencedirect.com,M,2021-11-26,134.63,167.39,perdida de peso
376,Weston,Batstone,7921147266,wbatstoneaf@huffingtonpost.com,M,2023-02-07,161.23,172.35,perdida de peso
377,Marcille,Menary,9994692470,mmenaryag@theatlantic.com,F,2021-04-01,235.93,162.45,perdida de peso
378,Gustave,Cuttings,9092984048,gcuttingsah@phoca.cz,M,2022-11-10,50.84,173.11,perdida de peso
379,Chris,Maciaszczyk,7294792951,cmaciaszczykai@com.com,M,2021-10-26,144.49,178.63,perdida de peso
380,Brigit,Wragg,8828779712,bwraggaj@youtube.com,F,2021-05-06,249.58,192.55,perdida de peso
381,Broderic,Hoofe,1754769657,bhoofeak@nature.com,M,2022-12-01,166.39,143.17,perdida de peso
382,Herb,Leinster,6514752050,hleinsteral@joomla.org,M,2022-04-16,96.22,146.81,perdida de peso
383,Ron,Pescott,6308707755,rpescottam@amazon.co.uk,M,2023-01-27,61.32,176.16,perdida de peso
384,Ase,Margiotta,7328180863,amargiottaan@i2i.jp,M,2022-04-14,97.51,195.97,perdida de peso
385,Patrick,Imore,1706801875,pimoreao@smh.com.au,M,2021-10-14,124.77,182.89,perdida de peso
386,Alick,Wollard,3064486393,awollardap@cnn.com,M,2022-02-16,226.0,150.94,perdida de peso
387,Erek,Grimbleby,6199057540,egrimblebyaq@accuweather.com,M,2021-08-31,43.35,180.4,perdida de peso
388,Cass,Duke,9471326062,cdukear@so-net.ne.jp,M,2021-03-26,179.51,187.16,perdida de peso
389,Chas,D'Agostini,9501279301,cdagostinias@cornell.edu,M,2022-08-22,145.37,201.79,perdida de peso
390,Harlan,Merrilees,8613756226,hmerrileesat@disqus.com,M,2023-01-07,230.93,188.15,perdida de peso
391,Land,Wrefford,6964073785,lwreffordau@youtu.be,M,2022-12-16,135.12,161.43,perdida de peso
392,Reg,Pendered,3432567823,rpenderedav@google.ru,M,2022-01-05,98.89,149.29,perdida de peso
393,Brodie,MacCheyne,5088663112,bmaccheyneaw@huffingtonpost.com,M,2022-07-11,67.14,163.77,perdida de peso
394,Denise,Ribeiro,1161182655,dribeiroax@diigo.com,F,2021-07-13,180.63,160.98,perdida de peso
395,Cristabel,McLean,8714151776,cmcleanay@kickstarter.com,F,2021-04-26,165.88,171.69,perdida de peso
396,Marcel,Tevelov,7222658837,mtevelovaz@eventbrite.com,M,2021-07-24,199.4,180.05,perdida de peso
397,Bride,Haisell,2783312946,bhaisellb0@hubpages.com,F,2021-10-17,82.19,163.0,perdida de peso
398,Toinette,Tibbles,6641462805,ttibblesb1@mapquest.com,F,2021-07-24,151.69,166.52,perdida de peso
399,Arley,Goodhew,7718059475,agoodhewb2@gov.uk,M,2021-03-31,50.79,140.69,perdida de peso
400,Margi,Clarycott,1006598142,mclarycottb3@networksolutions.com,F,2021-06-22,191.93,140.14,perdida de peso
401,Bastian,Gaskarth,5885635584,bgaskarthb4@cam.ac.uk,M,2022-09-23,48.39,160.41,perdida de peso
402,Martica,Monro,4508924863,mmonrob5@google.fr,F,2021-10-16,235.28,177.1,perdida de peso
403,Augy,Jindrak,6739783942,ajindrakb6@nymag.com,M,2021-06-14,143.04,206.77,perdida de peso
404,Philippe,Abbie,6441548909,pabbieb7@nih.gov,F,2022-08-24,71.66,153.44,perdida de peso
405,Hy,Edwins,8811785715,hedwinsb8@jugem.jp,M,2023-03-11,75.13,170.49,perdida de peso
406,Alejoa,O'Dempsey,8034384849,aodempseyb9@sakura.ne.jp,M,2022-08-02,48.66,201.62,perdida de peso
407,Hildagarde,Korn,4666346059,hkornba@house.gov,F,2021-06-22,237.18,187.32,perdida de peso
408,Joane,Cleyburn,4232253661,jcleyburnbb@about.com,F,2022-03-12,184.98,179.2,perdida de peso
409,Hermy,Sanpher,5375991837,hsanpherbc@usatoday.com,M,2021-03-17,163.52,177.07,perdida de peso
410,Holt,Casado,6052790201,hcasadobd@google.co.uk,M,2022-10-22,74.46,172.66,perdida de peso
411,Kris,Szymanowski,7011653516,kszymanowskibe@hud.gov,F,2021-07-24,44.68,204.56,perdida de peso
412,Aigneis,MacCleay,5881082622,amaccleaybf@geocities.com,F,2022-10-15,62.51,161.19,perdida de peso
413,Gwenora,Muck,4594554401,gmuckbg@vimeo.com,F,2021-03-19,47.23,183.43,perdida de peso
414,Krystal,Scudder,6195501798,kscudderbh@usa.gov,F,2022-06-02,135.91,190.47,perdida de peso
415,Bear,Giacubo,7602392128,bgiacubobi@i2i.jp,M,2022-01-14,222.83,193.79,perdida de peso
416,Salomon,Ellerker,4986398715,sellerkerbj@hp.com,M,2022-05-05,222.65,193.53,perdida de peso
417,Bing,Anstice,1633185224,bansticebk@mac.com,M,2021-02-16,162.22,172.95,perdida de peso
418,Susanna,Canto,4897774614,scantobl@yolasite.com,F,2021-05-15,71.28,140.83,perdida de peso
419,Onfre,Siehard,3632732544,osiehardbm@umich.edu,M,2022-06-23,172.64,141.38,perdida de peso
420,Hube,Hibbart,5526483518,hhibbartbn@indiatimes.com,M,2022-07-14,207.75,155.05,perdida de peso
421,Wes,Kift,2522206961,wkiftbo@marriott.com,M,2021-11-26,118.96,150.13,perdida de peso
422,Bonnee,Matejka,2028133120,bmatejkabp@t.co,F,2022-03-08,98.98,160.1,perdida de peso
423,Dre,Dowley,6021241883,ddowleybq@cnbc.com,F,2021-12-22,88.72,170.45,perdida de peso
424,Eldridge,Andrieu,2276813328,eandrieubr@sitemeter.com,M,2022-03-11,118.34,204.67,perdida de peso
425,Cherlyn,Hallaways,4732310096,challawaysbs@theguardian.com,F,2022-11-18,177.11,192.7,perdida de peso
426,Reba,Edgerley,5158435837,redgerleybt@wunderground.com,F,2022-05-13,172.05,198.64,perdida de peso
427,Yehudi,Mattacks,6509488667,ymattacksbu@ameblo.jp,M,2023-03-20,98.64,196.59,perdida de peso
428,Betta,Overbury,2547671019,boverburybv@sciencedirect.com,F,2022-10-22,56.18,177.76,perdida de peso
429,Symon,Hardway,7327050195,shardwaybw@prnewswire.com,M,2021-02-21,61.52,180.27,perdida de peso
430,Bentley,Judson,4019768156,bjudsonbx@google.com,M,2022-08-26,106.44,166.49,perdida de peso
431,Aleksandr,Robertet,7954489830,arobertetby@opensource.org,M,2022-05-13,40.24,158.28,perdida de peso
432,Avril,Burhill,9832887908,aburhillbz@cyberchimps.com,F,2022-02-08,49.84,175.77,perdida de peso
433,Reagen,Le feuvre,2691046172,rlefeuvrec0@miibeian.gov.cn,M,2022-08-20,76.5,153.56,perdida de peso
434,Courtnay,Yakolev,1448151938,cyakolevc1@eventbrite.com,M,2021-05-11,74.2,150.81,perdida de peso
435,Ryan,Verman,5213020853,rvermanc2@phpbb.com,M,2021-06-16,84.2,146.77,perdida de peso
436,Gage,Efford,4313284409,geffordc3@npr.org,M,2022-12-18,219.97,161.17,perdida de peso
437,Egbert,Brownsworth,2088251022,ebrownsworthc4@last.fm,M,2021-09-02,180.66,194.5,perdida de peso
438,Nikolai,Broke,3139015725,nbrokec5@simplemachines.org,M,2021-01-18,53.38,208.84,perdida de peso
439,Byran,Curror,8376944070,bcurrorc6@angelfire.com,M,2021-08-19,239.97,187.36,perdida de peso
440,Caty,Grix,7308196560,cgrixc7@cloudflare.com,F,2023-03-20,151.43,206.52,perdida de peso
441,Willa,Grishukov,4068308971,wgrishukovc8@archive.org,F,2023-03-15,92.3,141.41,perdida de peso
442,Tessa,Gaffey,4714275420,tgaffeyc9@whitehouse.gov,F,2021-01-01,128.46,160.58,perdida de peso
443,Cozmo,Downer,8491791167,cdownerca@tripod.com,M,2022-12-16,246.7,155.2,perdida de peso
444,Vallie,Perford,1355970183,vperfordcb@elegantthemes.com,F,2022-04-27,66.23,188.16,perdida de peso
445,Galvin,Abelson,5462930180,gabelsoncc@europa.eu,M,2021-07-13,241.66,193.38,perdida de peso
446,Frederica,Brabin,6479976595,fbrabincd@nih.gov,F,2021-10-26,104.81,156.74,perdida de peso
447,Fancy,Commins,9196187217,fcomminsce@miitbeian.gov.cn,F,2021-07-20,244.67,164.21,perdida de peso
448,Eveline,Signorelli,1659007397,esignorellicf@weibo.com,F,2022-02-22,59.07,202.22,perdida de peso
449,Chicky,Palumbo,7004578285,cpalumbocg@tinypic.com,M,2021-06-01,223.11,187.11,perdida de peso
450,Avram,O'Shee,1874342191,aosheech@ezinearticles.com,M,2022-04-22,103.9,171.1,perdida de peso
451,Whittaker,Letten,9022804067,wlettenci@stumbleupon.com,M,2022-04-11,159.23,209.77,perdida de peso
452,Alix,Kernoghan,4297351890,akernoghancj@webnode.com,F,2021-07-14,217.09,166.56,perdida de peso
453,Lilllie,Vittore,7652124986,lvittoreck@home.pl,F,2022-10-15,220.26,149.93,perdida de peso
454,Thorn,Pregel,5817075679,tpregelcl@prlog.org,M,2021-07-17,138.63,188.66,perdida de peso
455,Sandro,Boon,7727016501,sbooncm@cbc.ca,M,2022-07-26,195.93,205.04,perdida de peso
456,Leola,Bassindale,8461910710,lbassindalecn@google.com.hk,F,2021-05-17,94.14,205.8,perdida de peso
457,Elisabeth,Addington,2213496756,eaddingtonco@timesonline.co.uk,F,2022-10-07,210.64,166.67,perdida de peso
458,Joella,Petrazzi,6073708955,jpetrazzicp@lycos.com,F,2021-01-04,122.36,176.37,perdida de peso
459,Cristiano,Corington,6509444168,ccoringtoncq@smugmug.com,M,2021-10-30,45.93,188.95,perdida de peso
460,Bamby,Horsfield,7741041330,bhorsfieldcr@toplist.cz,F,2021-01-03,88.5,180.38,perdida de peso
461,Anabal,Heditch,1015819313,aheditchcs@mtv.com,F,2021-07-08,160.52,186.53,perdida de peso
462,Skip,Randalson,3884842895,srandalsonct@dot.gov,M,2022-03-30,225.78,191.55,perdida de peso
463,Nichols,Dannett,4526222449,ndannettcu@myspace.com,M,2022-08-07,157.78,155.06,perdida de peso
464,Derrek,Hannabuss,8441788368,dhannabusscv@bbb.org,M,2022-12-31,128.88,188.96,perdida de peso
465,Jonathon,Playfoot,9002522347,jplayfootcw@usnews.com,M,2022-03-21,152.36,155.92,perdida de peso
466,Emile,Chesson,4928271450,echessoncx@microsoft.com,M,2022-03-02,149.72,149.45,perdida de peso
467,Taite,Passmore,4758181056,tpassmorecy@accuweather.com,M,2021-11-05,223.13,158.74,perdida de peso
468,Brena,Buckoke,6278989386,bbuckokecz@sciencedaily.com,F,2021-03-13,185.33,198.57,perdida de peso
469,Parnell,Petrozzi,6339526062,ppetrozzid0@soup.io,M,2021-08-23,225.27,194.65,perdida de peso
470,Peter,Meffin,6988067073,pmeffind1@exblog.jp,M,2022-12-31,167.11,162.23,perdida de peso
471,Rickard,Elix,3244758916,relixd2@europa.eu,M,2021-09-03,57.78,206.82,perdida de peso
472,Warde,Catto,8246340756,wcattod3@huffingtonpost.com,M,2022-07-10,66.97,155.9,perdida de peso
473,Guinna,Peery,2582234663,gpeeryd4@xrea.com,F,2021-03-01,221.77,197.79,perdida de peso
474,Becka,Aleksankin,8986520515,baleksankind5@github.io,F,2021-07-19,210.12,187.47,perdida de peso
475,Frazier,Asling,7014954093,faslingd6@arstechnica.com,M,2022-09-23,57.94,188.94,ganar masa muscular
476,Ham,Large,6333436686,hlarged7@cpanel.net,M,2022-12-26,80.0,157.62,ganar masa muscular
477,Ambrosi,Romushkin,3723440682,aromushkind8@google.com,M,2021-06-04,249.68,174.05,ganar masa muscular
478,Noe,Cowie,7559921390,ncowied9@kickstarter.com,M,2022-03-24,110.33,145.56,ganar masa muscular
479,Ingeborg,Brierly,6994417389,ibrierlyda@mail.ru,F,2021-02-15,186.36,165.65,ganar masa muscular
480,Ebony,Dron,7139542355,edrondb@arstechnica.com,F,2022-12-23,135.69,198.12,ganar masa muscular
481,Gunther,Hebditch,6759453624,ghebditchdc@tumblr.com,M,2022-01-05,162.96,140.83,ganar masa muscular
482,Gloriana,Dudderidge,3539354198,gdudderidgedd@foxnews.com,F,2022-04-14,200.01,163.57,ganar masa muscular
483,Velma,Sherburn,9691662966,vsherburnde@oracle.com,F,2022-11-25,120.08,165.89,ganar masa muscular
484,Zebedee,Priver,2826181595,zpriverdf@google.com.au,M,2021-01-29,202.46,142.37,ganar masa muscular
485,Sigismund,Lill,2561589402,slilldg@devhub.com,M,2022-11-19,58.35,158.39,ganar masa muscular
486,Kirbie,Womack,2993365040,kwomackdh@microsoft.com,F,2021-03-30,160.11,170.67,ganar masa muscular
487,Ilsa,Suthworth,3732161596,isuthworthdi@go.com,F,2021-09-16,236.68,163.38,ganar masa muscular
488,Jim,Fearnyhough,8701880236,jfearnyhoughdj@paginegialle.it,M,2021-05-05,244.84,184.96,ganar masa muscular
489,Oberon,Schonfeld,7689324732,oschonfelddk@icq.com,M,2021-02-26,115.29,157.27,ganar masa muscular
490,Ham,Corbie,7932982947,hcorbiedl@hhs.gov,M,2021-12-28,153.09,165.94,ganar masa muscular
491,Novelia,Wayne,3815165773,nwaynedm@webmd.com,F,2023-01-09,244.34,173.15,ganar masa muscular
492,Neron,Havoc,8986066715,nhavocdn@last.fm,M,2021-11-09,207.97,203.91,ganar masa muscular
493,Julianne,Broadberry,2265728110,jbroadberrydo@businessweek.com,F,2022-02-16,219.13,161.36,ganar masa muscular
494,Clemmie,Trynor,3934229403,ctrynordp@4shared.com,M,2022-04-15,204.84,174.44,ganar masa muscular
495,Grazia,Silverton,9448878363,gsilvertondq@newyorker.com,F,2022-11-16,100.44,209.53,ganar masa muscular
496,Bibbie,Alejandro,9838960412,balejandrodr@bloglovin.com,F,2022-12-02,80.81,140.34,ganar masa muscular
497,Joel,Gregol,5622352294,jgregolds@marriott.com,M,2022-07-27,132.48,178.07,ganar masa muscular
498,Modesty,Matousek,9918139422,mmatousekdt@eventbrite.com,F,2022-09-17,100.85,142.17,ganar masa muscular
499,Celia,Gofford,8033816708,cgofforddu@chron.com,F,2021-11-28,209.79,162.55,ganar masa muscular
500,Rossie,Tomankiewicz,1647630315,rtomankiewiczdv@ftc.gov,M,2022-06-19,98.72,179.44,ganar masa muscular
501,Ryley,Boolsen,9019752066,rboolsendw@instagram.com,M,2022-07-19,217.18,151.19,ganar masa muscular
502,Corrianne,Tythacott,4112899558,ctythacottdx@t.co,F,2021-03-26,97.71,172.87,ganar masa muscular
503,Scarlett,Pabst,4609553737,spabstdy@fotki.com,F,2021-08-27,211.71,152.9,ganar masa muscular
504,Janith,Pennigar,7009828765,jpennigardz@admin.ch,F,2021-04-26,190.14,164.45,ganar masa muscular
505,Hyman,Crummie,3429573020,hcrummiee0@hugedomains.com,M,2022-01-23,104.46,183.22,ganar masa muscular
506,Corbet,Eilhart,8903391345,ceilharte1@google.nl,M,2022-09-10,70.21,176.68,ganar masa muscular
507,Michel,Milkins,1275291898,mmilkinse2@yahoo.co.jp,M,2023-01-16,217.76,159.84,ganar masa muscular
508,Donnie,Logsdale,6507352572,dlogsdalee3@tuttocitta.it,F,2021-03-27,71.38,198.46,ganar masa muscular
509,Reamonn,Bareford,3973721470,rbareforde4@yellowpages.com,M,2023-02-09,185.0,178.53,ganar masa muscular
510,Archie,Lazell,6436957750,alazelle5@reference.com,M,2022-09-22,149.3,158.59,ganar masa muscular
511,Brittan,McGennis,1284289402,bmcgennise6@wordpress.org,F,2022-03-13,248.07,175.84,ganar masa muscular
512,Rurik,Spedroni,2021396267,rspedronie7@ox.ac.uk,M,2021-09-01,66.67,201.52,ganar masa muscular
513,Costanza,Barroux,4316607344,cbarrouxe8@paginegialle.it,F,2021-08-16,99.83,158.93,ganar masa muscular
514,Bryn,Gerish,6871409170,bgerishe9@europa.eu,M,2022-01-18,225.97,180.02,ganar masa muscular
515,Mair,Brogini,8892412343,mbroginiea@google.fr,F,2022-02-09,108.54,140.44,ganar masa muscular
516,Terri-jo,Finessy,1061082424,tfinessyeb@ihg.com,F,2022-07-19,108.76,171.03,ganar masa muscular
517,Court,Hollingdale,5336004480,chollingdaleec@hubpages.com,M,2022-02-04,184.07,150.94,ganar masa muscular
518,Haskell,Linebarger,3661814892,hlinebargered@ustream.tv,M,2022-05-04,193.62,206.46,ganar masa muscular
519,Val,Caras,8433841767,vcarasee@cpanel.net,F,2021-02-25,140.94,192.81,ganar masa muscular
520,Patrica,Gabotti,7834620830,pgabottief@nytimes.com,F,2021-05-30,158.11,193.36,ganar masa muscular
521,Maurita,Pumphrey,7815013594,mpumphreyeg@eepurl.com,F,2022-03-12,135.35,188.67,ganar masa muscular
522,Bevon,Linay,5765720651,blinayeh@nbcnews.com,M,2021-09-21,149.92,158.88,ganar masa muscular
523,Arthur,Carbett,3368656658,acarbettei@opera.com,M,2021-11-08,159.36,143.56,ganar masa muscular
524,Zeb,Kellart,5014681431,zkellartej@walmart.com,M,2021-08-13,65.97,196.93,ganar masa muscular
525,Ram,Uebel,3219231415,ruebelek@gmpg.org,M,2022-01-29,89.1,157.54,ganar masa muscular
526,Pammie,Castanos,8846089268,pcastanosel@toplist.cz,F,2022-11-17,233.35,202.23,ganar masa muscular
527,Sybil,Bartod,3232297510,sbartodem@sakura.ne.jp,F,2021-10-10,77.63,200.27,ganar masa muscular
528,Cristin,Bridgland,7228425555,cbridglanden@ed.gov,F,2022-10-07,194.16,173.0,ganar masa muscular
529,Drucie,Brolly,2112411078,dbrollyeo@cpanel.net,F,2021-06-09,108.36,156.09,ganar masa muscular
530,Guglielmo,Dugall,3525323727,gdugallep@so-net.ne.jp,M,2022-10-11,238.42,180.43,ganar masa muscular
531,Helga,Marsden,8401402121,hmarsdeneq@hostgator.com,F,2021-03-28,95.88,170.07,ganar masa muscular
532,Roderich,Kehri,7976629738,rkehrier@businessinsider.com,M,2021-02-05,221.76,175.72,ganar masa muscular
533,Tristam,Otridge,1209034536,totridgees@ucoz.com,M,2022-12-31,134.29,194.99,ganar masa muscular
534,Hillary,Ankrett,4647245390,hankrettet@jalbum.net,M,2023-03-01,86.37,199.33,ganar masa muscular
535,Arvy,Haulkham,6299311267,ahaulkhameu@businessweek.com,M,2022-08-30,230.61,194.45,ganar masa muscular
536,Lauralee,Giddens,3989700309,lgiddensev@oaic.gov.au,F,2022-08-25,46.91,166.82,ganar masa muscular
537,Charlena,Bick,4686446349,cbickew@sbwire.com,F,2022-03-12,218.93,149.45,ganar masa muscular
538,Anni,Ianelli,4618344778,aianelliex@ask.com,F,2022-04-02,76.37,187.88,ganar masa muscular
539,Arley,Callow,6172892391,acallowey@prnewswire.com,M,2022-09-07,154.32,151.9,ganar masa muscular
540,Karlen,McGoon,1642786075,kmcgoonez@delicious.com,F,2021-06-24,248.14,157.34,ganar masa muscular
541,Vinny,Jordi,8255617400,vjordif0@cbsnews.com,F,2021-04-27,222.95,168.51,ganar masa muscular
542,Justinn,Tallent,1009184767,jtallentf1@weibo.com,F,2022-09-30,203.21,150.84,ganar masa muscular
543,Vincenty,Penzer,7662964753,vpenzerf2@sakura.ne.jp,M,2022-09-24,73.4,142.7,ganar masa muscular
544,Zebedee,Czajka,8376512032,zczajkaf3@wufoo.com,M,2021-07-30,121.01,146.83,ganar masa muscular
545,Kennan,de Amaya,2202684095,kdeamayaf4@alexa.com,M,2021-05-10,133.15,165.89,ganar masa muscular
546,Alexandros,Dransfield,9095745724,adransfieldf5@engadget.com,M,2022-07-08,67.25,157.54,ganar masa muscular
547,Erhard,Aishford,1978124094,eaishfordf6@dailymotion.com,M,2021-04-01,228.29,187.19,ganar masa muscular
548,Bar,Fleay,8091330336,bfleayf7@drupal.org,M,2021-02-25,71.63,161.58,ganar masa muscular
549,Alan,Jowling,3634175070,ajowlingf8@ow.ly,M,2021-04-29,63.56,164.56,ganar masa muscular
550,Jammie,Cothey,7035572543,jcotheyf9@java.com,F,2021-12-10,68.46,196.59,ganar masa muscular
551,Christal,Gruby,7928847713,cgrubyfa@newyorker.com,F,2023-03-18,65.08,194.07,ganar masa muscular
552,Sadye,Wattingham,8278311036,swattinghamfb@mashable.com,F,2021-02-13,154.55,159.44,ganar masa muscular
553,Afton,Lush,8623114748,alushfc@boston.com,F,2022-03-07,90.64,207.82,ganar masa muscular
554,Chantal,Blagdon,7607837540,cblagdonfd@php.net,F,2022-01-13,183.86,190.24,ganar masa muscular
555,Basia,Greveson,3138192916,bgrevesonfe@yelp.com,F,2021-08-19,109.32,174.71,ganar masa muscular
556,Isobel,Grgic,9753110165,igrgicff@hhs.gov,F,2021-10-05,52.22,184.38,ganar masa muscular
557,Dud,Duchant,6692902393,dduchantfg@ask.com,M,2023-01-23,107.33,177.44,ganar masa muscular
558,Idelle,Telega,4424891607,itelegafh@businessweek.com,F,2022-09-22,84.25,144.94,ganar masa muscular
559,Lorri,Geke,6716544418,lgekefi@last.fm,F,2023-03-06,205.36,179.39,ganar masa muscular
560,Beatrix,Dash,7928139095,bdashfj@163.com,F,2021-04-02,195.58,192.04,ganar masa muscular
561,Leta,Blakey,1772353519,lblakeyfk@com.com,F,2021-08-09,77.96,162.48,ganar masa muscular
562,Noelyn,Lutwidge,3425146837,nlutwidgefl@washington.edu,F,2021-06-09,61.59,145.86,ganar masa muscular
563,Devin,Mahaddie,4223172745,dmahaddiefm@wisc.edu,M,2021-07-18,204.92,149.32,ganar masa muscular
564,Ford,Briant,4194936477,fbriantfn@opensource.org,M,2022-10-21,145.6,196.85,ganar masa muscular
565,Tracey,Marzella,3742699423,tmarzellafo@theatlantic.com,F,2022-12-13,215.63,161.37,ganar masa muscular
566,Orelia,Wegman,5768992641,owegmanfp@usnews.com,F,2023-01-23,211.48,144.16,ganar masa muscular
567,Deloria,Dominicacci,6783164208,ddominicaccifq@globo.com,F,2022-04-05,215.18,167.6,ganar masa muscular
568,Christan,Phinn,4489936559,cphinnfr@bloglovin.com,F,2022-06-07,76.57,205.38,ganar masa muscular
569,Rana,Bambrough,4903856519,rbambroughfs@reverbnation.com,F,2022-03-15,203.08,159.35,ganar masa muscular
570,Marion,Rousell,3912321193,mrousellft@zdnet.com,M,2023-02-04,108.78,150.42,ganar masa muscular
571,Gage,Eborall,8303123179,geborallfu@forbes.com,M,2021-03-22,170.02,150.68,ganar masa muscular
572,Veradis,Brodie,7175794363,vbrodiefv@pen.io,F,2021-08-30,61.27,203.77,ganar masa muscular
573,Lishe,Ketchaside,7833149580,lketchasidefw@mlb.com,F,2021-11-09,189.13,202.5,ganar masa muscular
574,Lindie,Roome,1724221245,lroomefx@hugedomains.com,F,2022-03-10,110.06,203.52,ganar masa muscular
575,Lilla,Lutas,1143800385,llutasfy@geocities.jp,F,2022-01-28,180.59,185.44,ganar masa muscular
576,Tannie,Stobie,6268166900,tstobiefz@huffingtonpost.com,M,2022-06-24,58.27,185.74,ganar masa muscular
577,Barbee,Cattenach,6291624284,bcattenachg0@patch.com,F,2022-05-15,143.29,197.79,ganar masa muscular
578,Maryellen,Alliker,4789914849,mallikerg1@google.ca,F,2021-09-28,86.36,191.8,ganar masa muscular
579,Alick,Marzello,8117258573,amarzellog2@comcast.net,M,2021-03-06,246.7,167.07,ganar masa muscular
580,Godfree,Bonnesen,9372107503,gbonneseng3@tripadvisor.com,M,2022-09-04,48.55,186.02,ganar masa muscular
581,Karlotte,Sanders,9737848546,ksandersg4@wsj.com,F,2022-12-22,85.9,157.64,ganar masa muscular
582,Cristionna,Digges,1227511560,cdiggesg5@toplist.cz,F,2022-01-04,122.49,168.97,ganar masa muscular
583,Stearne,Orange,2901681890,sorangeg6@qq.com,M,2021-06-20,160.27,170.47,ganar masa muscular
584,Brenna,Caukill,4892750983,bcaukillg7@businessinsider.com,F,2022-02-21,42.3,150.63,ganar masa muscular
585,Diego,Pedrozzi,8609382727,dpedrozzig8@netlog.com,M,2022-05-15,60.58,195.55,ganar masa muscular
586,Ora,Phythien,1563187876,ophythieng9@nasa.gov,F,2021-04-30,212.96,181.22,ganar masa muscular
587,Damara,Osipenko,7955461379,dosipenkoga@virginia.edu,F,2023-02-16,161.61,167.19,ganar masa muscular
588,Ertha,D'Souza,1551336538,edsouzagb@google.es,F,2021-01-16,176.42,209.33,ganar masa muscular
589,Aarika,Lambertazzi,6396168928,alambertazzigc@nytimes.com,F,2021-12-02,87.64,200.94,ganar masa muscular
590,Laney,Stanlake,5389002942,lstanlakegd@alibaba.com,F,2021-09-14,206.87,168.77,ganar masa muscular
591,Clem,Knightsbridge,3978786387,cknightsbridgege@ca.gov,M,2021-12-19,227.63,144.18,ganar masa muscular
592,Demetris,Longmead,8862723048,dlongmeadgf@netlog.com,F,2022-08-28,151.18,179.74,ganar masa muscular
593,Danny,Coldham,9992108494,dcoldhamgg@typepad.com,M,2022-08-27,53.58,144.23,ganar masa muscular
594,Arny,Dani,1529474012,adanigh@pinterest.com,M,2021-01-17,165.26,208.53,ganar masa muscular
595,Cornelius,Ferminger,1465781278,cfermingergi@sakura.ne.jp,M,2022-04-27,169.64,145.79,ganar masa muscular
596,Westbrooke,Killelea,3023801760,wkilleleagj@technorati.com,M,2022-05-23,157.17,205.67,ganar masa muscular
597,Kennett,Bridat,7703258144,kbridatgk@slideshare.net,M,2021-08-29,127.46,184.93,ganar masa muscular
598,Mortimer,Feldbau,3599712587,mfeldbaugl@mayoclinic.com,M,2022-06-18,95.89,186.84,ganar masa muscular
599,Rayner,Lohan,7438434074,rlohangm@simplemachines.org,M,2021-10-14,114.68,176.67,ganar masa muscular
600,Salli,Agiolfinger,2397689025,sagiolfingergn@nba.com,F,2023-02-01,121.23,207.17,ganar masa muscular
601,Rayner,De Blasi,4586320945,rdeblasigo@nps.gov,M,2021-07-25,98.84,176.96,ganar masa muscular
602,Kiersten,Smails,3971189943,ksmailsgp@ameblo.jp,F,2021-10-27,83.56,154.16,ganar masa muscular
603,Brinn,McGarvie,7401955299,bmcgarviegq@wordpress.org,F,2023-03-15,87.63,182.78,ganar masa muscular
604,Elihu,Szimon,2469852172,eszimongr@ucla.edu,M,2023-02-03,180.18,166.86,ganar masa muscular
605,Lay,Cleobury,4814607490,lcleoburygs@japanpost.jp,M,2021-10-21,206.46,155.6,ganar masa muscular
606,Gabriel,Spybey,7581566343,gspybeygt@va.gov,M,2021-07-23,182.94,194.12,ganar masa muscular
607,Kalil,Derby,9591724428,kderbygu@hc360.com,M,2023-01-26,168.25,143.53,ganar masa muscular
608,Bibby,Sidwell,8443258488,bsidwellgv@usnews.com,F,2022-07-16,233.9,150.88,ganar masa muscular
609,Leona,Stevens,1851125496,lstevensgw@odnoklassniki.ru,F,2021-03-10,146.35,142.07,ganar masa muscular
610,Marten,Mayger,9866979501,mmaygergx@google.fr,M,2021-03-06,224.04,161.85,ganar masa muscular
611,Gerhardt,Aizikovitch,3555150728,gaizikovitchgy@paginegialle.it,M,2023-01-27,174.86,148.39,ganar masa muscular
612,Innis,Burchett,8033180763,iburchettgz@hostgator.com,M,2021-06-03,41.42,163.63,ganar masa muscular
613,Martina,Mainland,4741629376,mmainlandh0@twitpic.com,F,2021-08-30,100.35,184.11,ganar masa muscular
614,Estele,Mazzilli,2687491987,emazzillih1@mlb.com,F,2022-11-23,113.92,147.4,ganar masa muscular
615,Caye,Devin,5716153308,cdevinh2@ovh.net,F,2021-08-28,233.8,158.53,ganar masa muscular
616,Jillana,Wingham,3544119374,jwinghamh3@twitpic.com,F,2022-02-22,216.87,171.45,ganar masa muscular
617,Sanson,Duerden,9151889843,sduerdenh4@nytimes.com,M,2021-05-20,68.86,165.47,ganar masa muscular
618,Zedekiah,Dibdall,9965906085,zdibdallh5@hubpages.com,M,2022-04-24,142.19,203.62,ganar masa muscular
619,Lemmie,Santostefano.,4198868182,lsantostefanoh6@nbcnews.com,M,2021-11-04,41.35,151.76,ganar masa muscular
620,Joline,Chanter,8341909033,jchanterh7@smugmug.com,F,2022-11-17,85.43,163.5,ganar masa muscular
621,Audrie,Lowerson,3977871988,alowersonh8@digg.com,F,2021-03-27,228.49,141.26,ganar masa muscular
622,Eirena,Beavon,5251104267,ebeavonh9@etsy.com,F,2021-03-07,212.75,158.55,ganar masa muscular
623,Opalina,Balazs,2829171361,obalazsha@wordpress.org,F,2022-06-12,220.74,205.77,ganar masa muscular
624,Gayla,McCrohon,4645767345,gmccrohonhb@mediafire.com,F,2022-12-19,65.78,205.98,ganar masa muscular
625,Leandra,Chippendale,7454370492,lchippendalehc@wufoo.com,F,2021-09-22,193.72,162.9,ganar masa muscular
626,Ursola,Rate,9822240321,uratehd@scientificamerican.com,F,2021-06-22,221.83,174.13,ganar masa muscular
627,Kitti,Rance,8849411820,krancehe@uiuc.edu,F,2022-09-30,113.17,194.45,ganar masa muscular
628,Annabell,Gero,8147582608,agerohf@cnbc.com,F,2022-01-10,235.49,182.93,ganar masa muscular
629,Berni,Dollar,4784228612,bdollarhg@yahoo.com,F,2021-12-19,100.38,165.59,ganar masa muscular
630,Josselyn,Ephson,5808156329,jephsonhh@is.gd,F,2023-03-09,100.35,193.32,ganar masa muscular
631,Michal,Van Brug,5974936777,mvanbrughi@loc.gov,F,2021-10-12,173.24,192.49,ganar masa muscular
632,Tonie,Orniz,6551583794,tornizhj@admin.ch,F,2022-11-27,82.77,157.52,ganar masa muscular
633,Nickey,Burehill,8105219272,nburehillhk@eepurl.com,M,2022-06-01,244.52,170.07,ganar masa muscular
634,Zachariah,McGifford,6641291474,zmcgiffordhl@tripod.com,M,2022-09-18,127.54,177.26,ganar masa muscular
635,Fiona,Churcher,9163550756,fchurcherhm@biblegateway.com,F,2021-06-22,146.93,209.62,ganar masa muscular
636,Guglielmo,Dimmick,3329932058,gdimmickhn@blogtalkradio.com,M,2022-05-17,150.71,193.86,ganar masa muscular
637,Karon,Sweynson,2383926868,ksweynsonho@usnews.com,F,2022-01-21,153.21,165.75,ganar masa muscular
638,Jayson,Brewster,7838286607,jbrewsterhp@etsy.com,M,2022-05-03,41.21,203.07,ganar masa muscular
639,Jabez,O'Nowlan,9659204987,jonowlanhq@surveymonkey.com,M,2022-06-28,56.17,172.6,ganar masa muscular
640,Rosalyn,Mowsdill,7408555753,rmowsdillhr@wikipedia.org,F,2022-06-08,144.66,208.73,ganar masa muscular
641,Phil,Chatell,5963158062,pchatellhs@sakura.ne.jp,M,2022-09-08,185.5,194.56,ganar masa muscular
642,Ollie,Rings,7735902258,oringsht@imgur.com,M,2022-06-30,123.87,203.4,ganar masa muscular
643,Kerstin,Dymond,1473536411,kdymondhu@1688.com,F,2021-01-05,105.13,167.19,ganar masa muscular
644,Cob,Totaro,5406434789,ctotarohv@salon.com,M,2021-09-27,86.55,174.07,ganar masa muscular
645,Matty,Pidcock,5202121043,mpidcockhw@goodreads.com,M,2023-01-08,162.89,185.43,ganar masa muscular
646,Kathleen,Shwenn,3842709012,kshwennhx@domainmarket.com,F,2021-01-07,187.07,174.54,ganar masa muscular
647,Redd,Costar,6813799315,rcostarhy@miibeian.gov.cn,M,2022-04-09,44.42,148.58,ganar masa muscular
648,Annaliese,Guage,3947693611,aguagehz@cam.ac.uk,F,2021-01-18,170.97,186.76,ganar masa muscular
649,Hildegaard,Godrich,7226716623,hgodrichi0@4shared.com,F,2022-12-21,193.7,191.89,ganar masa muscular
650,Kacy,Brolan,9476661742,kbrolani1@ft.com,F,2022-04-29,245.22,193.21,ganar masa muscular
651,Josefina,Alflatt,2189136305,jalflatti2@xrea.com,F,2023-02-03,150.16,148.95,ganar masa muscular
652,Susy,Llorens,8561013554,sllorensi3@blogs.com,F,2022-03-29,67.26,144.15,ganar masa muscular
653,Merrel,Corsham,4387085834,mcorshami4@cbc.ca,M,2023-02-17,155.56,207.8,ganar masa muscular
654,Josephina,Malham,1881924825,jmalhami5@amazon.com,F,2021-04-28,102.81,161.36,ganar masa muscular
655,Lonni,Presnall,1508313914,lpresnalli6@apache.org,F,2022-01-12,223.84,149.58,ganar masa muscular
656,Barbette,Ramalho,8971633709,bramalhoi7@purevolume.com,F,2022-09-03,106.19,186.77,ganar masa muscular
657,Alanson,Anand,9771443503,aanandi8@slate.com,M,2022-01-10,171.4,152.04,ganar masa muscular
658,Fowler,Von Hindenburg,8187968505,fvonhindenburgi9@symantec.com,M,2023-02-11,170.37,190.76,ganar masa muscular
659,Star,Milbank,6071876752,smilbankia@nytimes.com,F,2022-10-12,234.57,152.77,ganar masa muscular
660,Berty,Yair,7222461482,byairib@psu.edu,F,2022-06-10,93.15,171.33,ganar masa muscular
661,Angelo,Whyley,3487040774,awhyleyic@phoca.cz,M,2021-11-01,234.36,157.69,ganar masa muscular
662,Kate,Haselden,7131834145,khaseldenid@tinypic.com,F,2021-12-04,103.31,176.52,ganar masa muscular
663,Petrina,Alasdair,6797619976,palasdairie@list-manage.com,F,2021-11-24,49.23,192.27,ganar masa muscular
664,Oliver,Whitticks,3711159079,owhitticksif@ca.gov,M,2022-02-08,207.17,140.23,ganar masa muscular
665,Alon,Davydenko,5431620072,adavydenkoig@bing.com,M,2021-06-06,171.11,205.15,ganar masa muscular
666,Gaultiero,Regan,4712413531,greganih@telegraph.co.uk,M,2022-03-26,59.96,165.42,ganar masa muscular
667,Burtie,Hospital,4971564266,bhospitalii@storify.com,M,2022-01-07,62.44,198.48,ganar masa muscular
668,Marve,Addlestone,5673297470,maddlestoneij@seattletimes.com,M,2023-01-18,161.01,150.86,ganar masa muscular
669,Benson,Fautly,6071227964,bfautlyik@about.com,M,2022-02-13,80.59,172.07,ganar masa muscular
670,Lind,Hurler,7231160342,lhurleril@senate.gov,M,2022-12-25,235.92,165.96,ganar masa muscular
671,Thain,Krolman,7212255039,tkrolmanim@github.com,M,2022-06-09,81.7,150.56,ganar masa muscular
672,Omar,Cassell,1309691434,ocassellin@chronoengine.com,M,2022-03-06,162.7,164.11,ganar masa muscular
673,Marji,Deabill,1254483405,mdeabillio@meetup.com,F,2022-12-16,148.54,154.29,ganar masa muscular
674,Trumaine,Starking,3415508496,tstarkingip@etsy.com,M,2021-05-25,188.57,143.27,ganar masa muscular
675,Druci,Proctor,5372198798,dproctoriq@pagesperso-orange.fr,F,2021-02-27,186.11,206.97,ganar masa muscular
676,Ody,Portwain,8046352415,oportwainir@opera.com,M,2021-04-30,81.47,160.67,ganar masa muscular
677,Simonne,Fidian,3853437387,sfidianis@fastcompany.com,F,2022-08-06,200.2,164.51,ganar masa muscular
678,Amye,Carlin,2122419512,acarlinit@miibeian.gov.cn,F,2022-07-21,169.97,201.44,ganar masa muscular
679,Alix,Banbrick,6115941929,abanbrickiu@angelfire.com,F,2021-07-29,194.41,159.81,ganar masa muscular
680,Demetri,Tillett,2476334717,dtillettiv@moonfruit.com,M,2021-07-10,191.22,160.7,ganar masa muscular
681,Parry,Harrowsmith,8182241231,pharrowsmithiw@pagesperso-orange.fr,M,2023-02-16,45.53,177.43,ganar masa muscular
682,Patrica,Liger,2549912453,pligerix@theguardian.com,F,2021-08-17,187.98,160.93,ganar masa muscular
683,Urbain,Hamstead,1391194800,uhamsteadiy@redcross.org,M,2023-01-28,177.31,209.4,ganar masa muscular
684,Lannie,Currum,7818246743,lcurrumiz@hubpages.com,M,2022-06-14,201.76,184.13,ganar masa muscular
685,Bat,Arrol,8279760121,barrolj0@wunderground.com,M,2021-09-29,89.43,145.1,ganar masa muscular
686,Joshia,Swetland,7674841683,jswetlandj1@ask.com,M,2022-06-05,190.25,208.73,ganar masa muscular
687,Bonnibelle,Errichelli,9931526177,berrichellij2@pen.io,F,2021-06-13,47.11,198.11,ganar masa muscular
688,Alistair,Langstone,8862243653,alangstonej3@infoseek.co.jp,M,2022-06-12,248.6,165.0,ganar masa muscular
689,Henry,Pimer,1598943705,hpimerj4@flickr.com,M,2022-01-14,230.47,149.68,ganar masa muscular
690,Elsworth,Sculley,2644213989,esculleyj5@51.la,M,2022-07-15,165.82,152.21,ganar masa muscular
691,Catina,Dumphreys,6368033597,cdumphreysj6@merriam-webster.com,F,2021-02-06,147.19,185.51,ganar masa muscular
692,Lisetta,Berthe,8368254316,lberthej7@mayoclinic.com,F,2021-05-10,130.52,144.71,ganar masa muscular
693,Sibyl,Crollman,3661180935,scrollmanj8@dmoz.org,M,2021-03-02,223.23,189.81,ganar masa muscular
694,Tybalt,Grunwall,2705487785,tgrunwallj9@wikimedia.org,M,2022-01-17,132.98,198.45,ganar masa muscular
695,Trixie,Slora,3183033595,tsloraja@wikispaces.com,F,2021-10-20,136.36,199.01,ganar masa muscular
696,Vaughan,Merck,9892180384,vmerckjb@flavors.me,M,2021-09-04,183.99,208.06,ganar masa muscular
697,Emmett,Dewire,7093257613,edewirejc@w3.org,M,2021-07-05,249.94,163.93,ganar masa muscular
698,Benton,Cody,9254929460,bcodyjd@soup.io,M,2022-04-17,52.28,172.33,ganar masa muscular
699,Genvieve,Cosh,2707194844,gcoshje@ning.com,F,2021-05-12,67.78,200.46,ganar masa muscular
700,Martguerita,McNickle,5535152239,mmcnicklejf@salon.com,F,2022-07-20,181.27,174.52,ganar masa muscular
701,Jonell,Boarer,1832335094,jboarerjg@gnu.org,F,2021-04-07,196.32,197.54,ganar masa muscular
702,Thornton,Finan,1904721103,tfinanjh@msu.edu,M,2021-03-01,222.35,161.54,ganar masa muscular
703,Gerrard,Jurewicz,7228825622,gjurewiczji@vk.com,M,2021-12-23,208.24,166.05,ganar masa muscular
704,Melonie,Woolston,9687202014,mwoolstonjj@issuu.com,F,2021-03-21,232.62,175.26,ganar masa muscular
705,Lauretta,Feldberger,1557277695,lfeldbergerjk@macromedia.com,F,2021-11-10,108.16,141.29,ganar masa muscular
706,Jeremias,Cleary,8007029667,jclearyjl@nyu.edu,M,2021-07-10,228.28,205.05,ganar masa muscular
707,Bernie,Fitchen,6508851635,bfitchenjm@telegraph.co.uk,M,2022-07-22,245.77,194.75,ganar masa muscular
708,Mitch,Deschelle,3144561792,mdeschellejn@elpais.com,M,2021-12-11,57.7,195.74,ganar masa muscular
709,Phedra,Pendleberry,3448140621,ppendleberryjo@odnoklassniki.ru,F,2022-09-26,186.58,157.16,ganar masa muscular
710,Maia,Gervaise,5707406041,mgervaisejp@ameblo.jp,F,2021-04-14,198.87,176.26,ganar masa muscular
711,Margeaux,Banyard,8727210296,mbanyardjq@netscape.com,F,2021-03-26,123.88,161.64,ganar masa muscular
712,Berni,Trussell,3815135226,btrusselljr@senate.gov,F,2022-11-03,143.69,188.11,ganar masa muscular
713,Madelon,Skipsey,1546863060,mskipseyjs@weebly.com,F,2021-05-07,80.48,209.13,ganar masa muscular
714,Ingar,LeEstut,3722570464,ileestutjt@earthlink.net,M,2023-03-05,237.62,153.74,ganar masa muscular
715,Jason,Teck,7203676709,jteckju@wikipedia.org,M,2021-07-03,69.96,170.24,ganar masa muscular
716,Mayne,Helleker,8463890051,mhellekerjv@digg.com,M,2022-05-12,244.1,170.57,ganar masa muscular
717,Peg,Sharple,7679728326,psharplejw@zimbio.com,F,2022-03-12,144.61,165.02,ganar masa muscular
718,Darcy,Trace,2915821220,dtracejx@xinhuanet.com,M,2023-03-11,74.7,144.39,ganar masa muscular
719,Hortensia,Chidzoy,1908338930,hchidzoyjy@wikia.com,F,2022-07-03,58.67,184.97,ganar masa muscular
720,Anatole,Labba,3585903953,alabbajz@edublogs.org,M,2021-06-16,114.99,195.02,ganar masa muscular
721,Drusilla,Reynalds,3294304913,dreynaldsk0@goodreads.com,F,2021-05-17,175.63,165.28,ganar masa muscular
722,Cherida,Pinshon,2413989849,cpinshonk1@google.cn,F,2022-10-23,62.4,149.74,ganar masa muscular
723,Shena,Kahen,6483768025,skahenk2@example.com,F,2022-09-10,49.82,165.63,ganar masa muscular
724,Alexis,Taig,1602960981,ataigk3@godaddy.com,F,2023-02-07,75.85,177.29,ganar masa muscular
725,Jerrome,Nevitt,8094139506,jnevittk4@woothemes.com,M,2021-07-14,98.85,169.91,ganar masa muscular
726,Carmencita,Mayow,8471336412,cmayowk5@imgur.com,F,2022-01-06,91.04,194.37,ganar masa muscular
727,Welbie,Briscow,6311346649,wbriscowk6@chron.com,M,2022-10-19,229.03,154.31,ganar masa muscular
728,Melania,Healeas,3585686541,mhealeask7@friendfeed.com,F,2022-12-12,247.81,160.88,ganar masa muscular
729,Elva,Jarrette,1349321572,ejarrettek8@over-blog.com,F,2022-02-20,59.65,169.5,ganar masa muscular
730,Lindsy,Farfalameev,6577002647,lfarfalameevk9@opera.com,F,2022-06-06,62.74,172.61,ganar masa muscular
731,Wilton,Kirimaa,1145935456,wkirimaaka@livejournal.com,M,2021-09-13,197.11,153.9,ganar masa muscular
732,Jobi,Samuels,7974874399,jsamuelskb@paypal.com,F,2021-02-28,159.41,171.9,ganar masa muscular
733,Manon,Vigrass,6263962174,mvigrasskc@dyndns.org,F,2022-11-09,145.65,186.94,ganar masa muscular
734,Vanny,Cogdon,8826508135,vcogdonkd@biglobe.ne.jp,F,2021-08-05,191.46,197.72,ganar masa muscular
735,Louie,Thwaite,2576274696,lthwaiteke@gizmodo.com,M,2022-06-16,131.8,208.42,ganar masa muscular
736,Idell,Gennings,7388299398,igenningskf@phoca.cz,F,2023-01-21,220.65,177.73,ganar masa muscular
737,Waylin,Bamford,2972406179,wbamfordkg@sciencedirect.com,M,2021-11-03,91.24,179.77,ganar masa muscular
738,Ulrich,Gretton,9069813706,ugrettonkh@census.gov,M,2022-09-09,143.32,160.72,ganar masa muscular
739,Dorette,Grinaway,8191212235,dgrinawayki@loc.gov,F,2022-12-30,110.08,188.84,ganar masa muscular
740,Alick,Gecks,4075935741,ageckskj@cnet.com,M,2023-01-04,192.22,144.37,ganar masa muscular
741,Alika,Coult,7785312025,acoultkk@guardian.co.uk,F,2022-04-07,96.46,152.31,ganar masa muscular
742,Bonny,Lotterington,7684466647,blotteringtonkl@merriam-webster.com,F,2021-11-14,124.47,177.83,ganar masa muscular
743,Lilly,Symon,7228024170,lsymonkm@jimdo.com,F,2022-11-28,191.18,172.51,ganar masa muscular
744,Frederick,Signorelli,8864650770,fsignorellikn@artisteer.com,M,2021-04-20,88.57,180.6,ganar masa muscular
745,Lawton,Bridgen,1947233335,lbridgenko@angelfire.com,M,2022-09-14,130.56,144.37,ganar masa muscular
746,Keven,de Grey,6242027752,kdegreykp@tmall.com,M,2021-05-14,245.48,145.77,ganar masa muscular
747,Lotte,Yude,2918791881,lyudekq@netvibes.com,F,2023-03-12,222.5,191.3,ganar masa muscular
748,Ive,Kadwallider,4925117016,ikadwalliderkr@pen.io,M,2023-01-27,85.39,199.85,ganar masa muscular
749,Emalia,Caton,4747319643,ecatonks@cbc.ca,F,2023-03-18,204.2,166.21,ganar masa muscular
750,Sterne,Rowbotham,4693065818,srowbothamkt@indiatimes.com,M,2021-11-25,209.14,179.49,ganar masa muscular
751,Ailey,Rotte,4183326796,arotteku@jalbum.net,F,2023-01-12,69.75,140.08,ganar masa muscular
752,Clive,Bugby,1219042275,cbugbykv@linkedin.com,M,2021-05-12,139.46,196.05,ganar masa muscular
753,Giovanni,Stubbington,6325706938,gstubbingtonkw@oakley.com,M,2021-07-22,227.18,182.21,ganar masa muscular
754,Patten,Fendlow,4058317742,pfendlowkx@moonfruit.com,M,2021-08-16,239.34,184.55,ganar masa muscular
755,Linus,Saich,8122901558,lsaichky@nytimes.com,M,2021-04-14,198.32,147.57,ganar masa muscular
756,Rhetta,Hissett,5307142417,rhissettkz@mac.com,F,2023-01-09,194.05,203.84,ganar masa muscular
757,Tallia,Karchewski,6167307560,tkarchewskil0@ibm.com,F,2022-06-16,137.55,168.53,ganar masa muscular
758,Gabbey,Beggan,2893373744,gbegganl1@discuz.net,F,2023-01-04,65.66,143.67,ganar masa muscular
759,Zedekiah,Gumly,1126419747,zgumlyl2@sbwire.com,M,2022-10-30,142.3,140.01,ganar masa muscular
760,Sarine,Kelshaw,7131319068,skelshawl3@ca.gov,F,2021-01-10,104.0,150.16,ganar masa muscular
761,Dave,Gadsden,8918624329,dgadsdenl4@surveymonkey.com,M,2022-09-17,158.36,140.1,ganar masa muscular
762,Isak,Peyntue,1075278768,ipeyntuel5@newsvine.com,M,2021-10-17,95.58,209.14,ganar masa muscular
763,Aarika,Cassells,4243314827,acassellsl6@youtube.com,F,2021-12-07,70.8,163.14,ganar masa muscular
764,Pincas,Cardinale,9288846152,pcardinalel7@nydailynews.com,M,2021-06-11,118.21,189.37,ganar masa muscular
765,Vasili,Josupeit,6474943956,vjosupeitl8@bing.com,M,2021-10-07,219.28,167.94,ganar masa muscular
766,Garvey,Kingswood,1414173528,gkingswoodl9@biglobe.ne.jp,M,2021-01-25,110.31,203.92,ganar masa muscular
767,Pauly,Laxe,5893353301,plaxela@wix.com,M,2021-07-30,227.9,155.26,ganar masa muscular
768,Paquito,Gittins,6362119347,pgittinslb@icio.us,M,2021-08-31,109.25,140.68,ganar masa muscular
769,Nelson,Parkeson,1819936323,nparkesonlc@go.com,M,2022-06-03,134.78,172.83,ganar masa muscular
770,Vassily,Few,9085770681,vfewld@time.com,M,2022-04-02,201.33,169.91,ganar masa muscular
771,Carrie,Geoghegan,8611991554,cgeogheganle@e-recht24.de,F,2022-10-07,62.3,201.52,ganar masa muscular
772,Pavlov,Beeho,8952899245,pbeeholf@wix.com,M,2022-05-14,230.08,160.81,ganar masa muscular
773,Pavel,Elward,4726246665,pelwardlg@dailymail.co.uk,M,2021-02-23,234.41,157.93,ganar masa muscular
774,Melloney,Legan,4255239465,mleganlh@comsenz.com,F,2022-03-28,192.97,185.76,ganar masa muscular
775,Marlon,Bess,1817756151,mbessli@infoseek.co.jp,M,2021-09-03,177.75,192.92,ganar masa muscular
776,Norine,Symcox,3187858897,nsymcoxlj@wikipedia.org,F,2021-10-15,45.38,187.27,ganar masa muscular
777,Patsy,Ashbrook,3284771634,pashbrooklk@ezinearticles.com,M,2021-06-05,175.97,142.88,ganar masa muscular
778,Silvana,Finnan,8414621161,sfinnanll@aol.com,F,2021-08-14,100.61,166.28,ganar masa muscular
779,Dulsea,Kohter,9543642878,dkohterlm@arizona.edu,F,2022-08-24,234.41,173.73,ganar masa muscular
780,Louie,Zanardii,6827843874,lzanardiiln@booking.com,M,2021-06-13,207.57,166.36,ganar masa muscular
781,Conny,Tumielli,4598121204,ctumiellilo@hud.gov,F,2023-02-03,74.9,171.99,ganar masa muscular
782,Elga,Mathison,1604858929,emathisonlp@blogger.com,F,2022-05-24,182.77,179.52,ganar masa muscular
783,Emilie,Kellart,6373824243,ekellartlq@rediff.com,F,2022-04-11,248.75,183.84,ganar masa muscular
784,Ronica,Klimkin,6872224992,rklimkinlr@dedecms.com,F,2022-11-26,142.66,141.76,ganar masa muscular
785,Arluene,Corness,2056412321,acornessls@yellowpages.com,F,2022-05-27,107.42,177.25,ganar masa muscular
786,Erastus,Sherwood,5708978246,esherwoodlt@ycombinator.com,M,2021-01-20,104.84,208.86,ganar masa muscular
787,Andy,Leblanc,1295694021,aleblanclu@cmu.edu,M,2022-11-29,97.13,156.04,ganar masa muscular
788,Audrey,Cashford,3394014604,acashfordlv@usda.gov,F,2023-03-03,173.4,190.6,ganar masa muscular
789,Avrom,Tilio,7017544807,atiliolw@google.pl,M,2022-05-15,133.15,163.45,ganar masa muscular
790,Friedrich,Maypowder,6316939225,fmaypowderlx@mapquest.com,M,2021-02-23,173.82,202.08,ganar masa muscular
791,Kira,Nias,2617874837,kniasly@devhub.com,F,2022-04-21,237.69,187.53,ganar masa muscular
792,Freda,Haton,3354414819,fhatonlz@instagram.com,F,2021-07-11,244.64,203.14,ganar masa muscular
793,Dorree,Worswick,4377933261,dworswickm0@studiopress.com,F,2022-07-10,121.32,166.36,ganar masa muscular
794,Vance,Grishagin,5295792265,vgrishaginm1@baidu.com,M,2022-10-31,64.32,204.77,ganar masa muscular
795,Pauly,Beiderbecke,5938456894,pbeiderbeckem2@clickbank.net,M,2022-08-06,226.88,164.92,ganar masa muscular
796,Christophe,Chason,1295023659,cchasonm3@addtoany.com,M,2021-07-09,60.3,193.67,ganar masa muscular
797,Carlota,Bridgestock,5457092177,cbridgestockm4@wunderground.com,F,2021-12-08,58.85,141.49,ganar masa muscular
798,Rosie,Minigo,5444595593,rminigom5@chron.com,F,2022-06-04,134.91,194.53,ganar masa muscular
799,Alexis,Doman,4145837683,adomanm6@nih.gov,M,2022-10-15,163.17,167.01,ganar masa muscular
800,Baxy,Barette,3398188459,bbarettem7@parallels.com,M,2022-11-17,140.74,145.6,ganar masa muscular
801,Clarey,Sanpere,7129246457,csanperem8@php.net,F,2023-01-15,161.85,148.0,ganar masa muscular
802,Pippo,Amburgy,3774345050,pamburgym9@thetimes.co.uk,M,2021-09-09,179.89,183.14,ganar masa muscular
803,Giacobo,Oehme,3154265170,goehmema@wisc.edu,M,2023-01-24,86.47,208.12,ganar masa muscular
804,Ulises,Borg,8575983163,uborgmb@statcounter.com,M,2022-06-20,107.24,202.29,ganar masa muscular
805,Goraud,Rosingdall,9543429527,grosingdallmc@nature.com,M,2022-06-25,234.46,185.84,ganar masa muscular
806,Donni,Medling,5845925739,dmedlingmd@admin.ch,F,2022-06-02,124.19,161.26,ganar masa muscular
807,Yvon,Betke,8343952140,ybetkeme@cyberchimps.com,M,2022-12-28,230.95,142.29,ganar masa muscular
808,Marshal,Kiendl,4049894557,mkiendlmf@deliciousdays.com,M,2021-11-03,243.27,157.18,ganar masa muscular
809,Odie,Anelay,8208130314,oanelaymg@people.com.cn,M,2021-02-10,95.98,195.71,ganar masa muscular
810,Aldin,Lewtey,6987944881,alewteymh@posterous.com,M,2022-08-18,164.24,143.93,ganar masa muscular
811,Helga,Geharke,2958031676,hgeharkemi@trellian.com,F,2021-10-15,121.52,154.83,ganar masa muscular
812,Britt,Perrone,5062917903,bperronemj@salon.com,F,2021-02-24,103.43,168.98,ganar masa muscular
813,Drucie,Downing,3335976050,ddowningmk@hud.gov,F,2021-11-27,162.27,207.27,ganar masa muscular
814,Jacqueline,McGreay,9852876653,jmcgreayml@bbc.co.uk,F,2022-01-16,196.79,181.75,ganar masa muscular
815,Lebbie,Sclanders,4803231454,lsclandersmm@nps.gov,F,2021-03-09,199.27,190.94,ganar masa muscular
816,Sibilla,Tyzack,1569956104,styzackmn@scientificamerican.com,F,2021-12-16,134.91,203.11,ganar masa muscular
817,Dani,Tassell,9999160537,dtassellmo@about.com,F,2021-06-23,63.51,187.96,ganar masa muscular
818,Darill,Renault,6715913080,drenaultmp@bbb.org,M,2021-12-31,68.89,195.33,ganar masa muscular
819,Audrey,Grenkov,3645903376,agrenkovmq@eventbrite.com,F,2022-04-02,215.28,146.88,ganar masa muscular
820,Joleen,Shingles,9171783645,jshinglesmr@booking.com,F,2023-01-18,82.57,159.14,ganar masa muscular
821,Wells,Blew,5494732269,wblewms@cbc.ca,M,2021-05-04,193.05,146.97,ganar masa muscular
822,Vasilis,Ziemen,1647227860,vziemenmt@dot.gov,M,2022-01-13,47.96,143.99,ganar masa muscular
823,Gustave,Tomasik,4026403205,gtomasikmu@archive.org,M,2022-09-07,76.73,191.64,ganar masa muscular
824,Massimo,Paschke,3219121625,mpaschkemv@bloomberg.com,M,2022-01-04,163.96,209.45,ganar masa muscular
825,Stace,Ridges,5495509201,sridgesmw@cafepress.com,F,2022-06-30,120.98,201.49,ganar masa muscular
826,Leshia,Duiguid,2827370347,lduiguidmx@reddit.com,F,2021-05-23,210.64,143.52,ganar masa muscular
827,Randolph,Drohane,6993662038,rdrohanemy@gmpg.org,M,2021-08-08,239.44,191.7,ganar masa muscular
828,Trip,Antoinet,1562282415,tantoinetmz@hp.com,M,2022-01-29,163.62,143.72,ganar masa muscular
829,Regen,Manders,2851878044,rmandersn0@webeden.co.uk,M,2022-12-27,190.52,190.98,ganar masa muscular
830,Izak,Mouatt,5666425443,imouattn1@imageshack.us,M,2021-01-15,59.52,152.12,ganar masa muscular
831,Michel,Lytle,8546304584,mlytlen2@narod.ru,F,2021-01-31,193.13,153.98,ganar masa muscular
832,Leann,Opdenort,4576914915,lopdenortn3@issuu.com,F,2022-04-23,240.78,183.24,ganar masa muscular
833,Nikkie,Lowthian,2103454149,nlowthiann4@nhs.uk,F,2022-12-30,55.95,160.22,ganar masa muscular
834,Brittaney,Goering,1594865852,bgoeringn5@irs.gov,F,2022-10-09,190.95,161.64,ganar masa muscular
835,Jan,Huncote,3997400576,jhuncoten6@ucoz.com,M,2021-03-23,66.48,155.74,ganar masa muscular
836,Reinwald,Whaites,1375457852,rwhaitesn7@sciencedirect.com,M,2021-02-17,129.65,199.26,ganar masa muscular
837,Lucita,Baulcombe,4684892096,lbaulcomben8@purevolume.com,F,2021-07-15,171.16,188.22,ganar masa muscular
838,Otho,Pollendine,6623969554,opollendinen9@craigslist.org,M,2021-07-25,213.0,173.53,ganar masa muscular
839,Kirsten,Couch,3062107666,kcouchna@house.gov,F,2022-12-08,107.9,197.55,ganar masa muscular
840,Konstantine,Lotterington,5973138860,klotteringtonnb@wiley.com,M,2023-02-17,149.65,191.22,ganar masa muscular
841,Derrek,Siemandl,7776626629,dsiemandlnc@samsung.com,M,2022-06-29,202.83,152.41,ganar masa muscular
842,Raimund,Von Hindenburg,1926439972,rvonhindenburgnd@oracle.com,M,2021-03-10,46.16,154.99,ganar masa muscular
843,Rickard,Howis,5923480740,rhowisne@springer.com,M,2021-01-01,128.18,206.7,ganar masa muscular
844,Gale,Northin,1617767547,gnorthinnf@blogspot.com,F,2021-10-26,131.55,170.87,ganar masa muscular
845,Renaldo,Gordon-Giles,6115216010,rgordongilesng@engadget.com,M,2021-08-19,168.57,185.0,ganar masa muscular
846,Phylis,Rotherham,3021984687,protherhamnh@mayoclinic.com,F,2021-11-16,216.43,154.97,ganar masa muscular
847,Berri,Steer,3781315298,bsteerni@washingtonpost.com,F,2022-11-01,48.55,172.75,ganar masa muscular
848,Genovera,Whiteoak,8515588031,gwhiteoaknj@ed.gov,F,2022-09-22,122.14,164.38,ganar masa muscular
849,Arley,Scally,7553825707,ascallynk@hugedomains.com,M,2021-06-06,120.26,177.13,ganar masa muscular
850,Gabie,Mapplebeck,9845593697,gmapplebecknl@hugedomains.com,M,2021-07-02,40.1,158.83,ganar masa muscular
851,Gustavus,Paladino,8592701630,gpaladinonm@cpanel.net,M,2021-08-16,156.13,154.58,ganar masa muscular
852,Abbey,Leneham,4231674335,alenehamnn@forbes.com,F,2021-10-25,160.58,203.42,ganar masa muscular
853,Kingston,Ivanshintsev,8436224580,kivanshintsevno@nasa.gov,M,2022-06-12,71.26,206.43,ganar masa muscular
854,Julianne,Echalier,5842510473,jechaliernp@ask.com,F,2023-02-04,218.96,174.96,ganar masa muscular
855,Darill,Ugoni,5292142417,dugoninq@facebook.com,M,2021-05-14,192.11,206.21,ganar masa muscular
856,Shawna,Lehrahan,9614412069,slehrahannr@craigslist.org,F,2021-04-06,79.79,159.87,ganar masa muscular
857,Elna,Ranner,9755606369,erannerns@weather.com,F,2021-06-25,236.52,149.82,ganar masa muscular
858,Rabi,Petchell,2921191986,rpetchellnt@census.gov,M,2021-04-15,141.33,158.71,ganar masa muscular
859,Claudine,Threader,8172302808,cthreadernu@microsoft.com,F,2021-07-09,139.86,185.68,ganar masa muscular
860,Etienne,Gilliard,8783497139,egilliardnv@dion.ne.jp,M,2023-02-26,165.47,190.69,ganar masa muscular
861,Ezmeralda,Gareisr,7237334445,egareisrnw@woothemes.com,F,2022-03-06,248.64,171.42,ganar masa muscular
862,Glynis,Byne,9823195159,gbynenx@usatoday.com,F,2022-10-02,189.02,196.0,ganar masa muscular
863,Hannis,Oguz,1573794171,hoguzny@deviantart.com,F,2021-11-09,163.63,171.73,ganar masa muscular
864,Fredia,Sainte Paul,6444908476,fsaintepaulnz@home.pl,F,2023-02-21,123.18,184.02,ganar masa muscular
865,Mason,Boylan,7052937711,mboylano0@buzzfeed.com,M,2023-02-23,171.49,153.99,ganar masa muscular
866,Auberon,Casiroli,4245949665,acasirolio1@hatena.ne.jp,M,2022-06-10,150.2,140.44,ganar masa muscular
867,Bernadina,Farrey,1229867789,bfarreyo2@so-net.ne.jp,F,2021-06-02,199.57,153.84,ganar masa muscular
868,Reina,Empleton,9536853687,rempletono3@yandex.ru,F,2022-02-14,245.69,165.6,ganar masa muscular
869,Linet,Tillman,6432532434,ltillmano4@bravesites.com,F,2022-01-20,249.94,206.32,ganar masa muscular
870,Clay,Petrushka,1074945057,cpetrushkao5@google.com.br,M,2021-11-21,234.39,200.7,ganar masa muscular
871,Fanni,Vasyukov,4379204884,fvasyukovo6@youtu.be,F,2022-03-27,164.3,201.55,ganar masa muscular
872,Dex,Petrillo,9434309552,dpetrilloo7@com.com,M,2021-06-30,166.36,170.47,ganar masa muscular
873,Devondra,Enstone,5184541127,denstoneo8@cloudflare.com,F,2022-01-31,135.01,155.01,ganar masa muscular
874,Guilbert,Doggart,6448183172,gdoggarto9@sciencedaily.com,M,2021-05-24,198.93,150.04,ganar masa muscular
875,Noreen,Rawls,9444362766,nrawlsoa@phpbb.com,F,2021-02-22,65.22,208.05,ganar masa muscular
876,Sindee,Whal,3172895105,swhalob@sciencedaily.com,F,2022-12-30,107.65,171.66,ganar masa muscular
877,Case,Shewring,7467411540,cshewringoc@com.com,M,2021-08-12,136.89,189.87,ganar masa muscular
878,Barbabra,Mathivet,1954977974,bmathivetod@tinyurl.com,F,2022-06-16,87.51,166.74,ganar masa muscular
879,Jocelyne,Woolward,4573752197,jwoolwardoe@redcross.org,F,2021-08-04,75.44,197.16,ganar masa muscular
880,Byrom,Hanne,2948124251,bhanneof@pbs.org,M,2022-02-16,218.25,145.97,ganar masa muscular
881,Coretta,Strother,7369181282,cstrotherog@baidu.com,F,2021-06-16,246.88,144.15,ganar masa muscular
882,Dewie,Astall,4383263964,dastalloh@theatlantic.com,M,2021-03-16,94.32,180.74,ganar masa muscular
883,Reina,Allebone,8655286888,ralleboneoi@myspace.com,F,2021-11-25,201.13,163.61,ganar masa muscular
884,Jyoti,Milch,3051526255,jmilchoj@fda.gov,F,2023-02-04,70.59,180.14,ganar masa muscular
885,Selina,Zelake,3968381248,szelakeok@soup.io,F,2021-08-15,132.82,201.65,ganar masa muscular
886,Nicolis,Ryles,6415669419,nrylesol@buzzfeed.com,M,2023-01-28,115.94,169.03,ganar masa muscular
887,Ragnar,Kattenhorn,4043812079,rkattenhornom@bravesites.com,M,2021-11-18,127.02,195.77,ganar masa muscular
888,Nobie,Rice,3092876868,nriceon@creativecommons.org,M,2022-01-03,76.68,183.82,ganar masa muscular
889,Barbara-anne,Cavell,5292341366,bcavelloo@slate.com,F,2022-08-03,228.39,170.81,ganar masa muscular
890,Ailsun,Hubbert,2713223760,ahubbertop@msn.com,F,2021-04-10,115.43,164.95,ganar masa muscular
891,Karina,Eslinger,3669421367,keslingeroq@blog.com,F,2022-06-05,169.34,179.87,ganar masa muscular
892,Si,Dawidowitsch,4873237027,sdawidowitschor@utexas.edu,M,2022-04-09,123.77,207.62,ganar masa muscular
893,Othello,Kenworthey,8607905787,okenwortheyos@networksolutions.com,M,2022-01-07,244.73,142.68,ganar masa muscular
894,Odilia,Brimmell,2393513808,obrimmellot@usnews.com,F,2022-07-26,48.32,180.38,ganar masa muscular
895,Rriocard,Chaffen,4659522283,rchaffenou@altervista.org,M,2022-07-08,216.66,185.62,ganar masa muscular
896,Clarey,Hedley,1747633109,chedleyov@barnesandnoble.com,F,2021-02-22,124.94,195.27,ganar masa muscular
897,Kelwin,Gallemore,2698433614,kgallemoreow@mayoclinic.com,M,2022-07-15,49.53,151.01,ganar masa muscular
898,Rayna,Darlison,9463583071,rdarlisonox@plala.or.jp,F,2022-06-25,156.34,206.6,ganar masa muscular
899,Zondra,Swatten,8099394342,zswattenoy@ustream.tv,F,2022-06-28,212.24,191.49,ganar masa muscular
900,Isaiah,Ramsby,5021648444,iramsbyoz@skype.com,M,2021-11-30,232.74,143.4,mantener el peso
901,Anders,Thatcher,7899545666,athatcherp0@vkontakte.ru,M,2023-03-22,244.49,148.08,mantener el peso
902,Wallis,Cregan,8087050218,wcreganp1@army.mil,F,2021-06-08,163.53,178.01,mantener el peso
903,Janet,Wellesley,3944626456,jwellesleyp2@themeforest.net,F,2022-06-26,183.19,142.25,mantener el peso
904,Bellanca,Morat,6714957762,bmoratp3@odnoklassniki.ru,F,2021-01-29,100.05,154.01,mantener el peso
905,Kit,Arnholdt,6177207859,karnholdtp4@cam.ac.uk,M,2021-09-07,94.81,170.21,mantener el peso
906,Romola,Malcher,7986857911,rmalcherp5@surveymonkey.com,F,2021-09-04,47.97,144.73,mantener el peso
907,Kerwin,McLleese,1276343096,kmclleesep6@wikimedia.org,M,2021-06-24,99.07,154.08,mantener el peso
908,Yance,Hemstead,3645365799,yhemsteadp7@drupal.org,M,2021-09-27,143.13,177.92,mantener el peso
909,Isaiah,Dooler,7527897330,idoolerp8@chron.com,M,2021-03-05,118.73,170.16,mantener el peso
910,Heda,Rowlson,9357533584,hrowlsonp9@theglobeandmail.com,F,2023-03-17,159.08,196.64,mantener el peso
911,Dame,Giriardelli,7198295901,dgiriardellipa@icio.us,M,2023-03-15,125.71,165.56,mantener el peso
912,Kristin,Poulden,1875343434,kpouldenpb@blogs.com,F,2022-01-14,141.51,168.35,mantener el peso
913,Sampson,McPherson,3305833222,smcphersonpc@amazon.co.uk,M,2022-12-24,187.08,174.35,mantener el peso
914,Sandor,Housley,8309535590,shousleypd@4shared.com,M,2022-01-04,249.57,145.52,mantener el peso
915,Rosie,Bowater,2149241485,rbowaterpe@gnu.org,F,2021-05-17,99.66,153.38,mantener el peso
916,Edsel,Plum,6565784608,eplumpf@un.org,M,2022-04-08,162.44,191.5,mantener el peso
917,Damon,Brewer,4574545231,dbrewerpg@epa.gov,M,2022-02-09,212.33,154.2,mantener el peso
918,Lefty,Lamers,5018384387,llamersph@reverbnation.com,M,2022-09-16,176.26,171.69,mantener el peso
919,Stanly,Brayfield,2323357814,sbrayfieldpi@phpbb.com,M,2022-04-04,68.24,199.39,mantener el peso
920,Otis,Gristhwaite,6888442082,ogristhwaitepj@cafepress.com,M,2021-06-23,43.31,146.61,mantener el peso
921,Matt,Hurring,5134027374,mhurringpk@hp.com,M,2021-03-18,181.76,189.57,mantener el peso
922,Far,Lepere,2275367547,fleperepl@ocn.ne.jp,M,2021-10-19,197.36,154.12,mantener el peso
923,Anna-maria,Fishlee,5119894715,afishleepm@cisco.com,F,2021-09-30,210.36,146.81,mantener el peso
924,Chevy,Marieton,9249459680,cmarietonpn@adobe.com,M,2021-03-06,91.64,167.21,mantener el peso
925,Lurleen,Clymer,7931930885,lclymerpo@usa.gov,F,2022-07-08,175.39,183.11,mantener el peso
926,Weston,Emsden,6453370135,wemsdenpp@yahoo.com,M,2021-04-14,163.12,171.6,mantener el peso
927,Milicent,Mahaddy,1909180315,mmahaddypq@intel.com,F,2021-06-16,76.87,144.06,mantener el peso
928,Yancey,Chamberlayne,2294577386,ychamberlaynepr@nhs.uk,M,2022-09-14,189.97,207.78,mantener el peso
929,Hieronymus,Proudley,5437878690,hproudleyps@github.com,M,2021-12-05,106.43,168.97,mantener el peso
930,Porty,Dorling,5369344000,pdorlingpt@about.me,M,2022-06-29,174.83,175.54,mantener el peso
931,Channa,Vaggs,6286290267,cvaggspu@sohu.com,F,2023-01-16,208.34,185.27,mantener el peso
932,Jere,Creany,3266495899,jcreanypv@barnesandnoble.com,F,2021-06-10,174.26,161.27,mantener el peso
933,Elwood,Crutch,2273686871,ecrutchpw@nasa.gov,M,2023-01-31,202.12,153.1,mantener el peso
934,Abdel,Mounsie,6239188395,amounsiepx@webmd.com,M,2022-09-07,48.16,173.84,mantener el peso
935,Bonny,Mayho,4758679112,bmayhopy@timesonline.co.uk,F,2021-05-13,240.88,150.7,mantener el peso
936,Shelton,MacSween,3938246952,smacsweenpz@ebay.com,M,2021-09-06,249.22,171.79,mantener el peso
937,Tam,Cowterd,2502350616,tcowterdq0@alibaba.com,M,2022-03-09,115.49,197.22,mantener el peso
938,Onida,Regelous,7189732291,oregelousq1@intel.com,F,2022-05-29,72.24,208.4,mantener el peso
939,Maye,Perschke,1522976787,mperschkeq2@theatlantic.com,F,2021-12-16,65.88,170.46,mantener el peso
940,Karlen,Streader,2062748185,kstreaderq3@nature.com,F,2022-10-21,86.4,161.77,mantener el peso
941,Bonnee,Gook,2115641299,bgookq4@csmonitor.com,F,2021-03-23,147.74,192.34,mantener el peso
942,Gun,Lardge,3063924298,glardgeq5@toplist.cz,M,2021-12-26,199.84,202.04,mantener el peso
943,Cathlene,Hannam,4259762365,channamq6@fotki.com,F,2022-05-15,69.35,181.45,mantener el peso
944,Holly,Hegerty,8363578132,hhegertyq7@twitpic.com,F,2023-01-14,166.49,175.17,mantener el peso
945,Marlin,Philot,9635211664,mphilotq8@artisteer.com,M,2021-06-06,192.83,155.14,mantener el peso
946,Basilio,Joselevitch,2554334813,bjoselevitchq9@webnode.com,M,2021-11-12,163.81,170.85,mantener el peso
947,Ozzy,Hitter,3932400861,ohitterqa@nydailynews.com,M,2022-10-20,84.96,202.21,mantener el peso
948,Emylee,Whitesel,1667525097,ewhiteselqb@angelfire.com,F,2022-06-20,189.95,185.35,mantener el peso
949,Sheff,Sill,5085662206,ssillqc@cocolog-nifty.com,M,2021-08-25,90.12,201.21,mantener el peso
950,Nikolaus,Millichap,3384373397,nmillichapqd@cnet.com,M,2021-01-14,54.16,186.99,mantener el peso
951,Nickey,Killimister,8261923871,nkillimisterqe@edublogs.org,M,2022-02-05,153.57,197.28,mantener el peso
952,Enos,Jeffray,6413558372,ejeffrayqf@artisteer.com,M,2022-05-14,210.82,151.16,mantener el peso
953,Travers,Farrer,7763123275,tfarrerqg@craigslist.org,M,2022-06-24,46.54,143.2,mantener el peso
954,Loree,Bello,2603676037,lbelloqh@cnbc.com,F,2021-03-24,216.53,185.51,mantener el peso
955,Nataline,Fairholme,1977210175,nfairholmeqi@businesswire.com,F,2021-09-19,226.53,152.28,mantener el peso
956,Giulio,Wycliffe,6021110206,gwycliffeqj@omniture.com,M,2021-11-29,142.11,150.38,mantener el peso
957,Ferd,Walbrun,2074297437,fwalbrunqk@t-online.de,M,2021-01-18,130.01,180.25,mantener el peso
958,Ira,Tenbrug,5359080612,itenbrugql@howstuffworks.com,M,2022-11-11,201.67,209.62,mantener el peso
959,Arlyne,Grimston,4743709289,agrimstonqm@patch.com,F,2022-04-20,233.3,194.21,mantener el peso
960,Kati,Saphin,6852815243,ksaphinqn@harvard.edu,F,2022-11-18,140.51,142.12,mantener el peso
961,Cara,Venneur,9651421104,cvenneurqo@businesswire.com,F,2022-03-09,141.7,144.16,mantener el peso
962,Juline,Allston,6731370997,jallstonqp@sun.com,F,2022-03-12,117.14,153.55,mantener el peso
963,Spike,Reedy,1722351412,sreedyqq@springer.com,M,2023-03-20,73.13,200.37,mantener el peso
964,Diann,Bene,8563790224,dbeneqr@themeforest.net,F,2021-10-24,160.16,187.79,mantener el peso
965,Ethelyn,Broe,4877070630,ebroeqs@umn.edu,F,2021-06-23,132.56,203.87,mantener el peso
966,Ursuline,Kemmish,6511088630,ukemmishqt@wsj.com,F,2021-06-21,194.49,195.26,mantener el peso
967,Elita,Taill,6567089329,etaillqu@globo.com,F,2023-02-25,53.57,196.87,mantener el peso
968,Karl,Teggart,7004114977,kteggartqv@howstuffworks.com,M,2022-07-30,235.15,163.2,mantener el peso
969,Idette,Standingford,4876184576,istandingfordqw@who.int,F,2021-12-08,56.44,164.34,mantener el peso
970,Rudiger,Rapier,8961517051,rrapierqx@cisco.com,M,2021-11-20,204.41,179.2,mantener el peso
971,Josiah,Tomkiss,5303348947,jtomkissqy@netscape.com,M,2021-04-13,51.16,182.15,mantener el peso
972,Christine,Winsom,3502546869,cwinsomqz@histats.com,F,2023-02-10,150.16,209.3,mantener el peso
973,Bobbee,Karpfen,4186371221,bkarpfenr0@epa.gov,F,2022-10-08,245.78,154.15,mantener el peso
974,Fraser,Loudwell,4256970959,floudwellr1@usa.gov,M,2021-12-03,248.23,189.2,mantener el peso
975,Anabel,Cakebread,8414272797,acakebreadr2@tiny.cc,F,2021-12-15,161.71,144.6,mantener el peso
976,Shanon,Bugden,3327484489,sbugdenr3@hao123.com,F,2022-04-13,200.84,194.33,mantener el peso
977,Harriet,Trivett,9825262504,htrivettr4@networkadvertising.org,F,2021-06-21,246.71,197.59,mantener el peso
978,Reinaldo,Mishaw,6588767319,rmishawr5@godaddy.com,M,2021-11-14,52.41,150.1,mantener el peso
979,Nevil,Torregiani,1613616679,ntorregianir6@seesaa.net,M,2021-03-07,206.25,145.41,mantener el peso
980,Aldo,Muncaster,8814731840,amuncasterr7@comcast.net,M,2021-07-07,219.5,201.57,mantener el peso
981,Bentlee,Ferns,1642309628,bfernsr8@upenn.edu,M,2021-11-26,157.41,203.45,mantener el peso
982,Helene,Melbert,4724325964,hmelbertr9@booking.com,F,2023-02-11,243.88,177.27,mantener el peso
983,Lothario,Vineall,7994979563,lvineallra@flickr.com,M,2022-03-18,140.27,164.55,mantener el peso
984,Charles,McAlester,3866388397,cmcalesterrb@cloudflare.com,M,2021-02-16,61.53,140.63,mantener el peso
985,Bentley,Lancaster,3843326441,blancasterrc@qq.com,M,2023-03-01,242.92,194.98,mantener el peso
986,Christophe,Zanotti,5477209318,czanottird@un.org,M,2022-10-15,65.31,140.73,mantener el peso
987,Margot,Feehan,9726418101,mfeehanre@jiathis.com,F,2022-09-13,215.4,157.63,mantener el peso
988,Marshall,McMichan,8219850553,mmcmichanrf@webmd.com,M,2023-02-20,112.92,188.28,mantener el peso
989,Andeee,Hansemann,4224895085,ahansemannrg@chronoengine.com,F,2022-10-10,210.08,148.14,mantener el peso
990,Clarey,Ashdown,6808722852,cashdownrh@tumblr.com,F,2022-03-30,184.33,200.41,mantener el peso
991,Wenona,Oller,1228512439,wollerri@shareasale.com,F,2021-10-14,107.8,178.12,mantener el peso
992,Avrom,Gwilt,3803906436,agwiltrj@va.gov,M,2021-03-12,147.04,201.14,mantener el peso
993,Annie,Pryer,6298676163,apryerrk@slate.com,F,2021-02-13,110.57,179.77,mantener el peso
994,Gawain,Laidlow,5781664315,glaidlowrl@sourceforge.net,M,2021-09-15,184.56,195.06,mantener el peso
995,Timoteo,Tansill,6227852925,ttansillrm@nps.gov,M,2021-12-30,163.95,201.25,mantener el peso
996,Terrijo,Lowerson,8643090385,tlowersonrn@yellowbook.com,F,2021-12-12,41.08,182.27,mantener el peso
997,Gaultiero,Earengey,9757306166,gearengeyro@cbsnews.com,M,2022-11-09,157.56,196.39,mantener el peso
998,Hillel,MacKnockiter,1709600103,hmacknockiterrp@irs.gov,M,2023-01-31,138.62,145.53,mantener el peso
999,Franky,Binnall,4403646390,fbinnallrq@nih.gov,M,2022-06-13,65.02,146.36,mantener el peso
1000,Tome,Christaeas,6509474562,tchristaeasrr@symantec.com,M,2022-02-28,124.0,204.26,mantener el peso